Air temperature [K],Process temperature [K],Rotational speed [rpm],Torque [Nm],Tool wear [min],Temperature_Difference,Mechanical_Stress,Wear_Load_Index,Type_Encoded,Wear_Stress_Index,Type_L,Type_M,Actual,Prediction,Failure_Probability,Risk_Category
300.5,309.8,1345,62.7,153,9.300000000000011,84331.5,9593.1,1,9593.1,True,False,0,0,0.04,Low
303.7,312.4,1513,40.1,135,8.699999999999989,60671.3,5413.5,1,5413.5,True,False,0,0,0.0,Low
302.5,311.4,1559,37.6,209,8.899999999999977,58618.4,7858.400000000001,1,7858.400000000001,True,False,0,0,0.145,Low
295.6,306.3,1509,35.8,60,10.699999999999989,54022.2,2148.0,0,2148.0,False,False,0,0,0.0,Low
300.5,310.0,1358,60.4,102,9.5,82023.2,6160.8,0,6160.8,False,False,0,0,0.01,Low
301.3,310.1,1455,44.1,188,8.800000000000011,64165.5,8290.800000000001,0,8290.800000000001,False,False,0,0,0.0,Low
302.4,310.0,1426,46.6,102,7.600000000000023,66451.6,4753.2,1,4753.2,True,False,0,0,0.01,Low
299.3,309.3,1471,46.0,42,10.0,67666.0,1932.0,2,1932.0,False,True,0,0,0.0,Low
300.7,312.3,1590,36.3,93,11.600000000000025,57716.99999999999,3375.9,1,3375.9,True,False,0,0,0.0,Low
298.9,308.2,2384,15.0,19,9.300000000000011,35760.0,285.0,1,285.0,True,False,0,0,0.005,Low
299.0,308.6,1587,38.6,124,9.600000000000025,61258.2,4786.400000000001,1,4786.400000000001,True,False,0,0,0.0,Low
300.5,311.6,1365,53.0,85,11.100000000000025,72345.0,4505.0,1,4505.0,True,False,0,0,0.0,Low
300.9,310.8,1519,34.9,73,9.900000000000034,53013.1,2547.7,2,2547.7,False,True,0,0,0.0,Low
298.1,308.4,1436,46.7,103,10.299999999999956,67061.2,4810.1,1,4810.1,True,False,0,0,0.0,Low
295.5,305.9,1593,37.2,197,10.399999999999975,59259.600000000006,7328.400000000001,0,7328.400000000001,False,False,0,0,0.015,Low
304.0,313.0,1541,45.9,64,9.0,70731.9,2937.6,1,2937.6,True,False,0,0,0.0,Low
304.0,313.3,1519,36.7,117,9.300000000000011,55747.3,4293.900000000001,1,4293.900000000001,True,False,0,0,0.0,Low
303.7,312.1,1363,51.8,90,8.400000000000034,70603.4,4662.0,1,4662.0,True,False,1,0,0.47,Medium
297.2,308.4,1677,26.4,146,11.199999999999989,44272.8,3854.4,1,3854.4,True,False,0,0,0.005,Low
298.7,308.4,1441,43.2,132,9.699999999999989,62251.2,5702.400000000001,2,5702.400000000001,False,True,0,0,0.0,Low
299.7,310.3,1495,43.1,101,10.600000000000025,64434.5,4353.1,1,4353.1,True,False,0,0,0.0,Low
298.9,310.2,2737,8.8,142,11.300000000000011,24085.6,1249.6,1,1249.6,True,False,1,1,0.955,Critical
298.5,307.9,1260,54.2,141,9.399999999999975,68292.0,7642.200000000001,0,7642.200000000001,False,False,0,0,0.0,Low
302.3,310.7,1544,39.7,141,8.399999999999977,61296.8,5597.700000000001,2,5597.700000000001,False,True,0,0,0.0,Low
298.9,310.1,2109,18.0,61,11.200000000000044,37962.0,1098.0,1,1098.0,True,False,0,0,0.0,Low
300.8,310.9,1522,41.7,115,10.099999999999966,63467.4,4795.5,2,4795.5,False,True,0,0,0.0,Low
295.8,306.4,1356,48.0,99,10.599999999999966,65088.0,4752.0,1,4752.0,True,False,0,0,0.0,Low
299.9,311.3,1504,40.7,20,11.400000000000034,61212.8,814.0,1,814.0,True,False,0,0,0.0,Low
299.3,309.2,1775,24.2,125,9.899999999999975,42955.0,3025.0,1,3025.0,True,False,0,0,0.0,Low
303.8,312.7,1507,38.5,180,8.899999999999977,58019.5,6930.0,2,6930.0,False,True,0,0,0.0,Low
298.4,307.9,1700,28.2,120,9.5,47940.0,3384.0,0,3384.0,False,False,0,0,0.0,Low
299.3,308.6,1422,48.9,83,9.300000000000011,69535.8,4058.7,1,4058.7,True,False,0,0,0.0,Low
296.7,307.7,1524,36.8,82,11.0,56083.2,3017.6,1,3017.6,True,False,0,0,0.0,Low
301.4,310.4,1471,37.5,193,9.0,55162.5,7237.5,1,7237.5,True,False,0,0,0.0,Low
297.2,308.8,1485,47.9,143,11.600000000000025,71131.5,6849.7,2,6849.7,False,True,0,0,0.0,Low
299.8,309.2,1678,29.8,202,9.399999999999975,50004.4,6019.6,2,6019.6,False,True,0,0,0.03,Low
303.3,311.4,1651,30.6,50,8.099999999999966,50520.600000000006,1530.0,0,1530.0,False,False,0,0,0.0,Low
300.1,310.5,1627,29.2,95,10.399999999999975,47508.4,2774.0,1,2774.0,True,False,0,0,0.0,Low
301.1,311.7,1408,46.3,135,10.599999999999966,65190.4,6250.5,1,6250.5,True,False,0,0,0.0,Low
302.7,312.0,1538,36.7,74,9.300000000000011,56444.600000000006,2715.8,2,2715.8,False,True,0,0,0.0,Low
302.6,310.4,1359,57.2,67,7.799999999999954,77734.8,3832.4,1,3832.4,True,False,1,1,0.875,High
298.8,309.9,1331,61.6,46,11.099999999999966,81989.6,2833.6,2,2833.6,False,True,0,0,0.015,Low
299.3,308.9,1858,24.7,101,9.599999999999966,45892.6,2494.7,2,2494.7,False,True,0,0,0.0,Low
297.5,308.1,1334,72.0,151,10.600000000000025,96048.0,10872.0,2,10872.0,False,True,1,1,0.65,Medium
298.1,308.7,1691,30.3,49,10.599999999999966,51237.3,1484.7,1,1484.7,True,False,0,0,0.0,Low
302.7,312.3,1858,25.4,2,9.600000000000025,47193.2,50.8,1,50.8,True,False,0,0,0.0,Low
298.2,308.4,1388,53.8,137,10.199999999999989,74674.4,7370.599999999999,1,7370.599999999999,True,False,0,0,0.005,Low
297.4,309.3,1564,36.0,126,11.900000000000034,56304.0,4536.0,2,4536.0,False,True,0,0,0.0,Low
300.5,310.5,1536,36.2,12,10.0,55603.2,434.4,1,434.4,True,False,0,0,0.0,Low
297.9,307.4,1403,52.8,0,9.5,74078.4,0.0,2,0.0,False,True,0,0,0.0,Low
298.2,309.0,1441,44.2,147,10.800000000000011,63692.2,6497.400000000001,2,6497.400000000001,False,True,0,0,0.0,Low
297.3,308.5,1350,57.6,186,11.199999999999989,77760.0,10713.6,1,10713.6,True,False,0,0,0.015,Low
298.3,307.8,1392,50.4,101,9.5,70156.8,5090.4,2,5090.4,False,True,0,0,0.0,Low
303.9,313.1,1586,31.9,108,9.200000000000044,50593.4,3445.2,1,3445.2,True,False,0,0,0.0,Low
301.0,312.2,1629,32.6,69,11.199999999999989,53105.4,2249.4,2,2249.4,False,True,0,0,0.0,Low
297.4,308.8,1467,39.0,128,11.400000000000034,57213.0,4992.0,1,4992.0,True,False,0,0,0.0,Low
300.0,309.5,1781,24.9,70,9.5,44346.9,1743.0,0,1743.0,False,False,0,0,0.0,Low
297.6,308.6,1528,40.0,123,11.0,61120.0,4920.0,1,4920.0,True,False,0,0,0.0,Low
302.2,311.5,1734,25.0,116,9.300000000000011,43350.0,2900.0,2,2900.0,False,True,0,0,0.0,Low
301.7,310.7,1763,25.9,3,9.0,45661.7,77.69999999999999,1,77.69999999999999,True,False,0,0,0.0,Low
298.7,309.8,1394,40.3,11,11.100000000000025,56178.2,443.3,1,443.3,True,False,0,0,0.0,Low
302.9,312.5,1679,30.9,79,9.600000000000025,51881.1,2441.1,2,2441.1,False,True,0,0,0.0,Low
298.8,308.6,1524,37.7,170,9.800000000000011,57454.8,6409.000000000001,0,6409.000000000001,False,False,0,0,0.0,Low
298.3,308.6,1548,40.3,140,10.300000000000011,62384.4,5642.0,1,5642.0,True,False,0,0,0.0,Low
299.1,310.2,1317,54.8,231,11.099999999999966,72171.59999999999,12658.8,1,12658.8,True,False,1,1,0.95,Critical
302.9,311.2,1330,53.7,200,8.300000000000011,71421.0,10740.0,2,10740.0,False,True,1,0,0.415,Medium
295.9,306.6,1678,26.7,53,10.700000000000044,44802.6,1415.1,1,1415.1,True,False,0,0,0.005,Low
301.3,310.8,1719,29.5,62,9.5,50710.5,1829.0,1,1829.0,True,False,0,0,0.0,Low
300.7,310.6,1474,37.0,33,9.900000000000034,54538.0,1221.0,2,1221.0,False,True,0,0,0.0,Low
297.2,308.5,1604,40.7,158,11.300000000000011,65282.8,6430.6,2,6430.6,False,True,0,0,0.0,Low
298.6,309.7,1429,45.8,113,11.099999999999966,65448.2,5175.4,1,5175.4,True,False,0,0,0.0,Low
301.7,311.2,1639,30.0,161,9.5,49170.0,4830.0,0,4830.0,False,False,0,0,0.0,Low
297.7,307.2,1668,32.7,31,9.5,54543.600000000006,1013.7,1,1013.7,True,False,0,0,0.0,Low
296.3,307.3,1398,52.7,31,11.0,73674.6,1633.7,1,1633.7,True,False,0,0,0.005,Low
302.3,311.6,1668,33.2,52,9.300000000000011,55377.600000000006,1726.4,2,1726.4,False,True,0,0,0.0,Low
297.6,308.4,1611,31.0,48,10.799999999999956,49941.0,1488.0,2,1488.0,False,True,0,0,0.0,Low
304.1,313.3,1689,32.5,134,9.199999999999989,54892.5,4355.0,0,4355.0,False,False,0,0,0.0,Low
300.8,310.6,1663,30.6,139,9.800000000000011,50887.8,4253.400000000001,1,4253.400000000001,True,False,0,0,0.01,Low
300.3,311.9,1390,49.0,194,11.599999999999966,68110.0,9506.0,0,9506.0,False,False,0,0,0.01,Low
303.1,311.4,1831,23.3,161,8.299999999999955,42662.3,3751.3,2,3751.3,False,True,0,0,0.0,Low
297.6,309.5,2001,20.5,220,11.899999999999975,41020.5,4510.0,1,4510.0,True,False,0,0,0.155,Low
301.2,310.6,1385,49.2,105,9.400000000000034,68142.0,5166.0,1,5166.0,True,False,0,0,0.0,Low
299.3,308.9,1623,31.1,152,9.599999999999966,50475.3,4727.2,1,4727.2,True,False,0,0,0.0,Low
298.5,309.5,1480,38.1,160,11.0,56388.0,6096.0,1,6096.0,True,False,0,0,0.0,Low
298.5,308.6,1384,54.4,44,10.100000000000025,75289.59999999999,2393.6,2,2393.6,False,True,0,0,0.0,Low
298.8,308.8,1445,49.9,4,10.0,72105.5,199.6,0,199.6,False,False,0,0,0.0,Low
297.4,309.4,1539,42.2,134,12.0,64945.8,5654.8,2,5654.8,False,True,0,0,0.0,Low
301.9,310.8,1557,35.3,65,8.900000000000034,54962.1,2294.5,2,2294.5,False,True,0,0,0.0,Low
301.3,311.1,1303,49.2,212,9.800000000000011,64107.600000000006,10430.4,1,10430.4,True,False,0,0,0.02,Low
301.1,310.8,1470,49.3,116,9.699999999999989,72471.0,5718.799999999999,1,5718.799999999999,True,False,0,0,0.0,Low
300.4,309.5,1888,21.9,221,9.100000000000025,41347.2,4839.9,2,4839.9,False,True,0,0,0.21,Low
301.1,312.3,1682,29.7,83,11.199999999999989,49955.4,2465.1,1,2465.1,True,False,0,0,0.0,Low
302.6,311.6,1453,37.0,135,9.0,53761.0,4995.0,1,4995.0,True,False,0,0,0.0,Low
298.4,308.5,1827,24.3,153,10.100000000000025,44396.1,3717.9,0,3717.9,False,False,0,0,0.0,Low
297.1,308.5,1425,40.0,35,11.399999999999975,57000.0,1400.0,1,1400.0,True,False,0,0,0.0,Low
302.0,310.6,1563,41.0,184,8.600000000000023,64083.0,7544.0,2,7544.0,False,True,0,0,0.015,Low
302.2,310.8,1340,47.8,54,8.600000000000023,64051.99999999999,2581.2,1,2581.2,True,False,0,1,0.77,High
300.8,312.4,1465,59.1,91,11.599999999999966,86581.5,5378.1,1,5378.1,True,False,1,0,0.475,Medium
295.8,306.4,1339,53.2,67,10.599999999999966,71234.8,3564.4,1,3564.4,True,False,0,0,0.0,Low
301.7,311.0,1505,44.0,187,9.300000000000011,66220.0,8228.0,2,8228.0,False,True,0,0,0.005,Low
300.7,310.9,1486,38.9,106,10.199999999999989,57805.4,4123.4,2,4123.4,False,True,0,0,0.0,Low
301.9,309.6,1446,43.2,225,7.700000000000045,62467.2,9720.0,1,9720.0,True,False,0,0,0.09,Low
302.4,311.6,1544,39.1,70,9.200000000000044,60370.4,2737.0,0,2737.0,False,False,0,0,0.0,Low
298.4,309.3,1355,50.6,8,10.900000000000034,68563.0,404.8,2,404.8,False,True,0,0,0.005,Low
300.5,311.5,1490,38.4,67,11.0,57216.0,2572.8,1,2572.8,True,False,0,0,0.0,Low
302.2,311.3,1510,36.6,91,9.100000000000025,55266.0,3330.6,2,3330.6,False,True,0,0,0.0,Low
302.9,312.5,1924,24.0,17,9.600000000000025,46176.0,408.0,2,408.0,False,True,0,0,0.005,Low
300.4,309.6,1356,45.9,64,9.200000000000044,62240.4,2937.6,1,2937.6,True,False,0,0,0.0,Low
300.1,309.5,1557,40.6,59,9.399999999999975,63214.2,2395.4,1,2395.4,True,False,0,0,0.0,Low
299.1,308.2,1435,45.2,45,9.099999999999966,64862.00000000001,2034.0,2,2034.0,False,True,0,0,0.005,Low
298.7,309.7,1622,34.6,8,11.0,56121.2,276.8,2,276.8,False,True,0,0,0.0,Low
298.4,308.0,1515,42.8,125,9.600000000000025,64841.99999999999,5350.0,1,5350.0,True,False,0,0,0.0,Low
299.9,309.2,1539,43.2,132,9.300000000000011,66484.8,5702.400000000001,2,5702.400000000001,False,True,0,0,0.0,Low
301.4,310.7,1487,44.6,88,9.300000000000011,66320.2,3924.8,1,3924.8,True,False,0,0,0.0,Low
300.9,312.0,1397,42.7,212,11.100000000000025,59651.9,9052.4,0,9052.4,False,False,0,0,0.045,Low
299.8,309.7,1910,21.8,141,9.899999999999975,41638.0,3073.8,2,3073.8,False,True,0,0,0.0,Low
302.4,311.2,1466,43.9,152,8.800000000000011,64357.4,6672.8,1,6672.8,True,False,0,0,0.0,Low
303.0,312.7,1551,41.8,111,9.699999999999989,64831.8,4639.799999999999,1,4639.799999999999,True,False,0,0,0.0,Low
300.3,309.9,1494,38.5,33,9.599999999999966,57519.0,1270.5,2,1270.5,False,True,0,0,0.0,Low
298.3,308.6,1432,49.5,91,10.300000000000011,70884.0,4504.5,0,4504.5,False,False,0,0,0.005,Low
297.5,309.4,1678,34.4,148,11.899999999999975,57723.2,5091.2,2,5091.2,False,True,0,0,0.005,Low
297.8,308.9,1871,25.6,200,11.099999999999966,47897.600000000006,5120.0,1,5120.0,True,False,1,0,0.02,Low
302.8,310.8,1402,50.5,30,8.0,70801.0,1515.0,1,1515.0,True,False,0,0,0.015,Low
297.5,308.4,1440,35.9,13,10.899999999999975,51696.0,466.7,1,466.7,True,False,0,0,0.0,Low
296.4,307.1,1638,32.5,146,10.700000000000044,53235.0,4745.0,0,4745.0,False,False,0,0,0.0,Low
298.8,310.1,1574,36.2,181,11.300000000000011,56978.8,6552.200000000001,1,6552.200000000001,True,False,0,0,0.0,Low
300.7,312.3,1548,37.9,58,11.600000000000025,58669.2,2198.2,1,2198.2,True,False,0,0,0.0,Low
302.3,310.9,1360,44.0,67,8.599999999999966,59840.0,2948.0,2,2948.0,False,True,1,1,0.56,Medium
301.3,310.6,1556,39.0,72,9.300000000000011,60684.0,2808.0,1,2808.0,True,False,0,0,0.0,Low
298.4,309.3,1496,45.6,129,10.900000000000034,68217.6,5882.400000000001,2,5882.400000000001,False,True,0,0,0.0,Low
297.7,307.2,1429,44.1,26,9.5,63018.9,1146.6,0,1146.6,False,False,0,0,0.0,Low
298.0,307.7,1387,50.8,204,9.699999999999989,70459.59999999999,10363.2,1,10363.2,True,False,0,0,0.015,Low
303.8,312.6,1793,28.1,170,8.800000000000011,50383.3,4777.0,1,4777.0,True,False,0,0,0.0,Low
302.2,311.5,1567,33.1,168,9.300000000000011,51867.7,5560.8,1,5560.8,True,False,0,0,0.0,Low
298.7,309.7,1547,37.4,0,11.0,57857.8,0.0,1,0.0,True,False,0,0,0.0,Low
297.4,308.5,1472,42.0,150,11.100000000000025,61824.0,6300.0,2,6300.0,False,True,0,0,0.0,Low
299.7,310.4,1614,36.2,108,10.699999999999989,58426.8,3909.6,1,3909.6,True,False,0,0,0.0,Low
300.2,310.4,1501,42.9,212,10.199999999999989,64392.9,9094.8,0,9094.8,False,False,0,0,0.035,Low
301.6,310.6,1621,33.7,137,9.0,54627.7,4616.900000000001,1,4616.900000000001,True,False,0,0,0.0,Low
298.9,310.0,1456,43.8,15,11.100000000000025,63772.8,657.0,2,657.0,False,True,0,0,0.0,Low
300.4,310.0,1581,30.3,42,9.600000000000025,47904.3,1272.6,1,1272.6,True,False,0,0,0.0,Low
299.7,310.7,1498,37.8,146,11.0,56624.4,5518.799999999999,2,5518.799999999999,False,True,0,0,0.0,Low
299.7,309.2,1616,31.6,175,9.5,51065.600000000006,5530.0,1,5530.0,True,False,0,0,0.0,Low
298.2,308.0,1535,38.0,179,9.800000000000011,58330.0,6802.0,1,6802.0,True,False,0,0,0.0,Low
299.7,309.3,1399,41.9,221,9.600000000000025,58618.1,9259.9,2,9259.9,False,True,1,0,0.025,Low
300.7,311.8,1407,42.4,224,11.100000000000025,59656.8,9497.6,2,9497.6,False,True,0,0,0.01,Low
301.7,309.9,1524,46.6,104,8.199999999999989,71018.40000000001,4846.400000000001,1,4846.400000000001,True,False,0,0,0.0,Low
300.4,311.3,2026,20.3,26,10.900000000000034,41127.8,527.8000000000001,0,527.8000000000001,False,False,0,0,0.0,Low
299.3,308.8,1636,29.9,201,9.5,48916.4,6009.9,1,6009.9,True,False,0,0,0.0,Low
297.3,308.0,1598,29.4,148,10.699999999999989,46981.2,4351.2,2,4351.2,False,True,0,0,0.0,Low
298.6,309.7,1672,27.5,54,11.099999999999966,45980.0,1485.0,0,1485.0,False,False,0,0,0.0,Low
298.4,309.4,1385,43.2,119,11.0,59832.00000000001,5140.8,1,5140.8,True,False,0,0,0.0,Low
299.9,309.3,1473,40.4,59,9.400000000000034,59509.2,2383.6,1,2383.6,True,False,0,0,0.0,Low
300.6,309.8,1694,31.1,187,9.199999999999989,52683.4,5815.7,2,5815.7,False,True,0,0,0.0,Low
301.2,310.8,1233,64.6,45,9.600000000000025,79651.79999999999,2906.9999999999995,1,2906.9999999999995,True,False,0,0,0.055,Low
300.1,309.3,1469,43.9,20,9.199999999999989,64489.1,878.0,2,878.0,False,True,0,0,0.0,Low
299.2,309.1,1578,38.1,109,9.900000000000034,60121.8,4152.900000000001,1,4152.900000000001,True,False,0,0,0.0,Low
299.6,309.0,1539,36.1,76,9.399999999999975,55557.9,2743.6,2,2743.6,False,True,0,0,0.0,Low
300.3,309.9,1447,46.5,28,9.599999999999966,67285.5,1302.0,2,1302.0,False,True,0,0,0.0,Low
299.2,308.6,1267,68.2,76,9.400000000000034,86409.40000000001,5183.2,1,5183.2,True,False,1,1,0.87,High
302.4,311.4,1475,40.4,126,9.0,59590.0,5090.4,1,5090.4,True,False,0,0,0.0,Low
301.1,312.3,1587,34.5,115,11.199999999999989,54751.5,3967.5,1,3967.5,True,False,0,0,0.0,Low
297.4,308.7,1798,23.0,135,11.300000000000011,41354.0,3105.0,2,3105.0,False,True,0,0,0.0,Low
298.2,307.8,1515,46.7,74,9.600000000000025,70750.5,3455.8,1,3455.8,True,False,0,0,0.0,Low
302.4,311.4,1831,26.9,121,9.0,49253.9,3254.9,1,3254.9,True,False,0,0,0.0,Low
298.7,308.4,1373,46.9,60,9.699999999999989,64393.7,2814.0,1,2814.0,True,False,0,0,0.0,Low
297.6,309.5,1709,32.2,65,11.899999999999975,55029.8,2093.0,2,2093.0,False,True,0,0,0.0,Low
297.6,309.6,1428,46.6,13,12.0,66544.8,605.8000000000001,0,605.8000000000001,False,False,0,0,0.0,Low
298.6,309.1,1423,44.3,29,10.5,63038.9,1284.6999999999998,0,1284.6999999999998,False,False,0,0,0.005,Low
303.7,312.5,1481,33.3,182,8.800000000000011,49317.3,6060.599999999999,1,6060.599999999999,True,False,0,0,0.0,Low
298.7,309.9,1593,42.5,146,11.199999999999989,67702.5,6205.0,1,6205.0,True,False,0,0,0.0,Low
300.4,310.8,1390,52.5,144,10.400000000000034,72975.0,7560.0,1,7560.0,True,False,0,0,0.0,Low
297.7,308.4,1487,41.4,84,10.699999999999989,61561.8,3477.6,1,3477.6,True,False,0,0,0.0,Low
300.7,311.7,1412,49.1,219,11.0,69329.2,10752.9,2,10752.9,False,True,0,0,0.04,Low
301.1,310.7,1621,31.0,108,9.599999999999966,50251.0,3348.0,2,3348.0,False,True,0,0,0.0,Low
298.8,308.2,1450,44.7,14,9.399999999999975,64815.00000000001,625.8000000000001,0,625.8000000000001,False,False,0,0,0.0,Low
297.5,308.3,1435,40.3,197,10.800000000000011,57830.49999999999,7939.099999999999,1,7939.099999999999,True,False,0,0,0.0,Low
299.0,310.4,1677,30.8,73,11.399999999999975,51651.6,2248.4,0,2248.4,False,False,0,0,0.0,Low
299.6,309.1,1369,51.4,164,9.5,70366.59999999999,8429.6,1,8429.6,True,False,0,0,0.0,Low
300.7,310.2,1569,32.8,31,9.5,51463.2,1016.8,1,1016.8,True,False,0,0,0.0,Low
300.8,311.4,1852,22.2,53,10.599999999999966,41114.4,1176.6,2,1176.6,False,True,0,0,0.0,Low
299.5,309.3,1675,29.2,132,9.800000000000011,48910.0,3854.4,2,3854.4,False,True,0,0,0.0,Low
300.3,311.1,1388,49.4,128,10.800000000000011,68567.2,6323.2,1,6323.2,True,False,0,0,0.0,Low
300.8,311.4,1492,40.6,20,10.599999999999966,60575.2,812.0,1,812.0,True,False,0,0,0.0,Low
297.3,307.9,1628,30.2,80,10.599999999999966,49165.6,2416.0,1,2416.0,True,False,0,0,0.0,Low
302.3,311.0,1428,47.9,174,8.699999999999989,68401.2,8334.6,1,8334.6,True,False,0,0,0.0,Low
299.7,309.2,1608,34.4,68,9.5,55315.2,2339.2,2,2339.2,False,True,0,0,0.0,Low
303.5,311.6,1428,46.2,139,8.100000000000023,65973.6,6421.8,1,6421.8,True,False,0,0,0.035,Low
298.9,308.6,1400,49.5,79,9.700000000000044,69300.0,3910.5,1,3910.5,True,False,0,0,0.0,Low
297.3,308.0,1384,49.1,206,10.699999999999989,67954.40000000001,10114.6,0,10114.6,False,False,0,0,0.045,Low
298.4,309.5,1520,38.1,106,11.100000000000025,57912.0,4038.6,1,4038.6,True,False,0,0,0.0,Low
302.7,312.4,1422,44.5,49,9.699999999999989,63279.0,2180.5,2,2180.5,False,True,0,0,0.0,Low
298.8,310.5,1384,52.8,200,11.699999999999989,73075.2,10560.0,1,10560.0,True,False,0,0,0.015,Low
297.7,309.3,1559,36.9,145,11.600000000000025,57527.1,5350.5,1,5350.5,True,False,0,0,0.0,Low
296.6,307.5,1566,35.0,201,10.899999999999975,54810.0,7035.0,2,7035.0,False,True,0,0,0.02,Low
300.1,310.5,1500,39.8,107,10.399999999999975,59699.99999999999,4258.599999999999,1,4258.599999999999,True,False,0,0,0.0,Low
300.0,309.6,1587,32.6,152,9.600000000000025,51736.2,4955.2,2,4955.2,False,True,0,0,0.0,Low
300.9,310.0,1600,36.0,204,9.100000000000025,57600.0,7344.0,2,7344.0,False,True,0,0,0.035,Low
299.2,310.3,1551,44.8,18,11.100000000000025,69484.79999999999,806.4,2,806.4,False,True,0,0,0.0,Low
302.0,310.6,1623,34.3,9,8.600000000000023,55668.9,308.7,2,308.7,False,True,0,0,0.0,Low
302.5,311.9,1340,59.4,60,9.399999999999975,79596.0,3564.0,2,3564.0,False,True,0,0,0.03,Low
304.2,313.4,1329,54.5,75,9.199999999999989,72430.5,4087.5,2,4087.5,False,True,0,0,0.01,Low
297.4,308.7,1726,26.8,158,11.300000000000011,46256.8,4234.400000000001,0,4234.400000000001,False,False,0,0,0.0,Low
300.9,310.8,1708,29.1,14,9.900000000000034,49702.8,407.4,1,407.4,True,False,0,0,0.005,Low
297.5,309.0,1320,54.7,179,11.5,72204.0,9791.3,1,9791.3,True,False,0,0,0.005,Low
298.9,310.2,1562,42.5,179,11.300000000000011,66385.0,7607.5,1,7607.5,True,False,0,0,0.015,Low
297.3,308.5,1664,28.9,174,11.199999999999989,48089.6,5028.599999999999,2,5028.599999999999,False,True,0,0,0.015,Low
304.3,313.3,1540,39.0,14,9.0,60060.0,546.0,2,546.0,False,True,0,0,0.0,Low
301.2,310.4,1697,30.0,120,9.199999999999989,50910.0,3600.0,2,3600.0,False,True,0,0,0.0,Low
300.8,310.2,1598,36.5,195,9.399999999999975,58327.0,7117.5,2,7117.5,False,True,0,0,0.0,Low
301.1,311.1,1592,35.7,174,10.0,56834.4,6211.8,2,6211.8,False,True,0,0,0.0,Low
301.5,310.9,1524,40.4,124,9.399999999999975,61569.6,5009.599999999999,0,5009.599999999999,False,False,0,0,0.0,Low
298.4,308.6,1527,40.9,96,10.200000000000044,62454.3,3926.4,2,3926.4,False,True,0,0,0.0,Low
296.7,307.7,1502,43.9,84,11.0,65937.8,3687.6,1,3687.6,True,False,0,0,0.0,Low
299.0,310.0,1360,48.1,37,11.0,65416.0,1779.7,1,1779.7,True,False,0,0,0.005,Low
302.6,311.8,1638,35.1,17,9.199999999999989,57493.8,596.7,1,596.7,True,False,0,0,0.0,Low
302.6,312.2,1377,45.5,54,9.599999999999966,62653.5,2457.0,1,2457.0,True,False,0,0,0.01,Low
302.3,311.7,1640,31.5,199,9.399999999999975,51660.0,6268.5,2,6268.5,False,True,0,0,0.0,Low
302.3,310.8,1421,41.4,102,8.5,58829.4,4222.8,1,4222.8,True,False,0,0,0.025,Low
302.0,310.7,1657,31.9,37,8.699999999999989,52858.3,1180.3,1,1180.3,True,False,0,0,0.0,Low
300.7,311.1,1688,30.7,161,10.400000000000034,51821.6,4942.7,1,4942.7,True,False,0,0,0.0,Low
299.0,310.4,1394,45.2,122,11.399999999999975,63008.8,5514.400000000001,2,5514.400000000001,False,True,0,0,0.005,Low
295.6,306.1,1372,55.6,215,10.5,76283.2,11954.0,1,11954.0,True,False,1,1,0.715,High
302.2,310.9,1771,27.6,54,8.699999999999989,48879.600000000006,1490.4,2,1490.4,False,True,0,0,0.0,Low
300.3,309.5,1551,37.9,42,9.199999999999989,58782.9,1591.8,1,1591.8,True,False,0,0,0.0,Low
299.0,310.3,1577,40.0,181,11.300000000000011,63080.0,7240.0,1,7240.0,True,False,0,0,0.0,Low
297.5,308.1,1907,23.5,125,10.600000000000025,44814.5,2937.5,2,2937.5,False,True,0,0,0.0,Low
303.1,312.6,1548,36.4,150,9.5,56347.2,5460.0,1,5460.0,True,False,0,0,0.0,Low
302.7,310.5,1642,30.8,195,7.800000000000011,50573.6,6006.0,1,6006.0,True,False,0,0,0.0,Low
299.0,310.1,1593,35.4,5,11.100000000000025,56392.2,177.0,2,177.0,False,True,0,0,0.0,Low
297.9,308.8,1386,48.6,75,10.900000000000034,67359.6,3645.0,1,3645.0,True,False,0,0,0.0,Low
300.8,310.2,1492,46.3,187,9.399999999999975,69079.59999999999,8658.1,1,8658.1,True,False,0,0,0.005,Low
299.3,310.4,1548,41.6,25,11.099999999999966,64396.8,1040.0,0,1040.0,False,False,0,0,0.0,Low
302.4,311.8,1433,42.2,134,9.400000000000034,60472.600000000006,5654.8,1,5654.8,True,False,0,0,0.0,Low
298.4,309.5,1484,41.7,119,11.100000000000025,61882.8,4962.3,2,4962.3,False,True,0,0,0.0,Low
303.5,312.3,1946,21.1,112,8.800000000000011,41060.600000000006,2363.2000000000003,1,2363.2000000000003,True,False,0,0,0.0,Low
299.2,308.2,1466,41.3,8,9.0,60545.8,330.4,1,330.4,True,False,0,0,0.0,Low
299.9,309.3,1471,41.8,109,9.400000000000034,61487.8,4556.2,1,4556.2,True,False,0,0,0.0,Low
297.6,309.4,1628,33.4,229,11.799999999999956,54375.2,7648.599999999999,1,7648.599999999999,True,False,0,0,0.06,Low
300.5,311.9,1350,51.7,18,11.399999999999975,69795.0,930.6,1,930.6,True,False,0,0,0.0,Low
300.4,309.7,1488,35.7,177,9.300000000000011,53121.600000000006,6318.900000000001,1,6318.900000000001,True,False,0,0,0.0,Low
300.5,310.5,1469,42.9,14,10.0,63020.1,600.6,2,600.6,False,True,0,0,0.0,Low
299.0,310.4,1512,38.8,109,11.399999999999975,58665.6,4229.2,1,4229.2,True,False,0,0,0.0,Low
302.1,311.4,1686,30.9,106,9.299999999999956,52097.4,3275.4,1,3275.4,True,False,0,0,0.0,Low
296.1,307.0,1523,42.0,164,10.899999999999975,63966.0,6888.0,2,6888.0,False,True,0,0,0.0,Low
300.5,311.7,1811,26.8,47,11.199999999999989,48534.8,1259.6,1,1259.6,True,False,0,0,0.0,Low
298.8,309.8,1288,61.9,79,11.0,79727.2,4890.099999999999,2,4890.099999999999,False,True,0,0,0.015,Low
297.4,308.7,1392,46.4,174,11.300000000000011,64588.8,8073.599999999999,2,8073.599999999999,False,True,0,0,0.0,Low
298.9,310.2,1411,46.5,202,11.300000000000011,65611.5,9393.0,1,9393.0,True,False,0,0,0.02,Low
296.2,307.3,1711,29.9,42,11.100000000000025,51158.9,1255.8,1,1255.8,True,False,0,0,0.0,Low
297.9,309.9,1410,55.4,188,12.0,78114.0,10415.2,2,10415.2,False,True,0,0,0.005,Low
299.1,308.5,1592,34.2,153,9.399999999999975,54446.4,5232.6,2,5232.6,False,True,0,0,0.0,Low
298.7,309.8,1322,57.0,140,11.100000000000025,75354.0,7980.0,1,7980.0,True,False,0,0,0.0,Low
298.9,310.3,1484,43.8,124,11.400000000000034,64999.2,5431.2,1,5431.2,True,False,0,0,0.0,Low
298.0,307.5,1644,32.8,215,9.5,53923.2,7051.999999999999,1,7051.999999999999,True,False,0,0,0.045,Low
298.8,310.6,1640,33.8,9,11.800000000000011,55431.99999999999,304.2,2,304.2,False,True,0,0,0.0,Low
297.1,308.2,1351,56.6,126,11.099999999999966,76466.6,7131.6,1,7131.6,True,False,0,0,0.0,Low
298.2,307.8,1749,26.1,66,9.600000000000025,45648.9,1722.6,1,1722.6,True,False,0,0,0.005,Low
301.8,310.8,1456,46.6,35,9.0,67849.6,1631.0,1,1631.0,True,False,0,0,0.005,Low
295.5,306.0,1621,29.5,176,10.5,47819.5,5192.0,1,5192.0,True,False,0,0,0.005,Low
296.9,307.8,1466,45.7,153,10.900000000000034,66996.2,6992.1,1,6992.1,True,False,0,0,0.0,Low
302.5,311.4,1759,24.6,124,8.899999999999977,43271.4,3050.4,1,3050.4,True,False,0,0,0.0,Low
301.4,310.0,1651,29.8,44,8.600000000000023,49199.8,1311.2,2,1311.2,False,True,0,0,0.0,Low
298.9,310.2,1498,50.2,160,11.300000000000011,75199.6,8032.0,1,8032.0,True,False,0,0,0.0,Low
299.0,308.6,1648,30.8,98,9.600000000000025,50758.4,3018.4,1,3018.4,True,False,0,0,0.0,Low
297.6,308.5,1572,35.9,71,10.899999999999975,56434.8,2548.9,1,2548.9,True,False,0,0,0.0,Low
298.6,309.3,1449,46.5,26,10.699999999999989,67378.5,1209.0,1,1209.0,True,False,0,0,0.0,Low
297.8,308.4,1512,39.9,181,10.599999999999966,60328.8,7221.9,1,7221.9,True,False,0,0,0.0,Low
303.7,312.4,1546,33.7,149,8.699999999999989,52100.2,5021.3,2,5021.3,False,True,0,0,0.0,Low
301.7,309.9,1452,41.5,86,8.199999999999989,60258.0,3569.0,2,3569.0,False,True,0,0,0.005,Low
298.4,309.1,1798,29.6,81,10.700000000000044,53220.8,2397.6,1,2397.6,True,False,0,0,0.0,Low
298.9,309.6,1284,55.3,166,10.700000000000044,71005.2,9179.8,2,9179.8,False,True,0,0,0.0,Low
298.4,308.7,1523,36.1,126,10.300000000000011,54980.3,4548.6,1,4548.6,True,False,0,0,0.0,Low
301.5,310.5,1593,32.9,155,9.0,52409.7,5099.5,1,5099.5,True,False,0,0,0.0,Low
297.2,308.1,1662,31.3,0,10.900000000000034,52020.6,0.0,1,0.0,True,False,0,0,0.0,Low
299.8,310.9,2084,17.6,175,11.099999999999966,36678.4,3080.0000000000005,1,3080.0000000000005,True,False,0,0,0.0,Low
298.6,309.1,1537,35.7,198,10.5,54870.9,7068.6,1,7068.6,True,False,0,0,0.0,Low
302.6,312.1,1782,26.8,198,9.5,47757.6,5306.400000000001,1,5306.400000000001,True,False,0,0,0.0,Low
301.4,311.1,1495,36.3,193,9.700000000000044,54268.49999999999,7005.9,1,7005.9,True,False,0,0,0.0,Low
299.1,308.7,2008,20.3,178,9.599999999999966,40762.4,3613.4,2,3613.4,False,True,0,0,0.0,Low
297.4,308.6,1459,41.3,196,11.200000000000044,60256.7,8094.799999999999,1,8094.799999999999,True,False,0,0,0.005,Low
297.8,309.2,1372,47.3,15,11.399999999999975,64895.6,709.5,1,709.5,True,False,0,0,0.0,Low
297.7,308.2,1334,53.0,156,10.5,70702.0,8268.0,1,8268.0,True,False,0,0,0.0,Low
300.7,309.8,1596,31.5,123,9.100000000000025,50274.0,3874.5,1,3874.5,True,False,0,0,0.0,Low
299.4,309.1,1464,40.5,215,9.700000000000044,59292.0,8707.5,1,8707.5,True,False,0,0,0.11,Low
298.4,309.7,1530,38.6,161,11.300000000000011,59058.0,6214.6,1,6214.6,True,False,0,0,0.0,Low
296.7,307.8,1672,32.4,113,11.100000000000025,54172.8,3661.2,2,3661.2,False,True,0,0,0.0,Low
302.9,312.4,1383,51.4,160,9.5,71086.2,8224.0,1,8224.0,True,False,0,0,0.0,Low
301.5,310.7,1347,47.9,29,9.199999999999989,64521.3,1389.1,2,1389.1,False,True,0,0,0.005,Low
301.5,310.1,1430,46.5,35,8.600000000000023,66495.0,1627.5,1,1627.5,True,False,0,0,0.005,Low
296.8,308.0,1666,29.8,41,11.199999999999989,49646.8,1221.8,1,1221.8,True,False,0,0,0.0,Low
298.6,309.4,1362,45.3,56,10.799999999999956,61698.6,2536.8,0,2536.8,False,False,0,0,0.0,Low
299.7,309.1,1713,33.5,141,9.400000000000034,57385.5,4723.5,1,4723.5,True,False,0,0,0.0,Low
297.9,307.6,1687,29.1,176,9.700000000000044,49091.7,5121.6,1,5121.6,True,False,0,0,0.0,Low
300.2,311.4,1483,44.4,141,11.199999999999989,65845.2,6260.4,1,6260.4,True,False,0,0,0.0,Low
300.5,310.6,1448,46.3,173,10.100000000000025,67042.4,8009.9,1,8009.9,True,False,0,0,0.005,Low
303.3,311.8,1806,27.7,44,8.5,50026.2,1218.8,0,1218.8,False,False,0,0,0.0,Low
303.3,311.6,1514,34.7,130,8.300000000000011,52535.8,4511.0,1,4511.0,True,False,0,0,0.0,Low
301.0,310.4,1563,34.4,124,9.399999999999975,53767.2,4265.599999999999,1,4265.599999999999,True,False,0,0,0.0,Low
299.1,308.2,1568,33.3,123,9.099999999999966,52214.4,4095.9,1,4095.9,True,False,0,0,0.005,Low
297.4,308.6,1476,42.3,107,11.200000000000044,62434.8,4526.099999999999,1,4526.099999999999,True,False,0,0,0.005,Low
297.4,308.8,1359,48.7,220,11.400000000000034,66183.3,10714.0,2,10714.0,False,True,0,0,0.03,Low
298.4,308.1,1495,46.0,203,9.700000000000044,68770.0,9338.0,2,9338.0,False,True,0,0,0.025,Low
296.6,307.5,1485,42.7,204,10.899999999999975,63409.50000000001,8710.800000000001,1,8710.800000000001,True,False,0,0,0.01,Low
296.4,307.5,1549,36.1,58,11.100000000000025,55918.9,2093.8,1,2093.8,True,False,0,0,0.0,Low
298.1,307.8,1569,31.2,131,9.699999999999989,48952.8,4087.2,2,4087.2,False,True,0,0,0.0,Low
298.8,308.5,1359,47.6,85,9.699999999999989,64688.4,4046.0,0,4046.0,False,False,0,0,0.0,Low
298.1,308.8,1378,53.5,65,10.699999999999989,73723.0,3477.5,2,3477.5,False,True,0,0,0.0,Low
298.7,309.9,1458,40.2,137,11.199999999999989,58611.600000000006,5507.400000000001,2,5507.400000000001,False,True,0,0,0.0,Low
298.7,309.6,1686,26.2,189,10.900000000000034,44173.2,4951.8,2,4951.8,False,True,0,0,0.0,Low
298.2,308.9,1605,32.0,79,10.699999999999989,51360.0,2528.0,1,2528.0,True,False,0,0,0.0,Low
299.1,310.2,1496,45.0,104,11.099999999999966,67320.0,4680.0,1,4680.0,True,False,0,0,0.0,Low
302.3,311.3,1682,34.4,127,9.0,57860.8,4368.8,1,4368.8,True,False,0,0,0.005,Low
302.5,311.0,1463,43.1,181,8.5,63055.3,7801.1,2,7801.1,False,True,0,0,0.02,Low
300.1,309.6,1565,34.8,32,9.5,54461.99999999999,1113.6,1,1113.6,True,False,0,0,0.0,Low
303.8,313.3,1406,52.1,166,9.5,73252.6,8648.6,1,8648.6,True,False,0,0,0.0,Low
295.6,306.2,1443,48.9,33,10.599999999999966,70562.7,1613.7,1,1613.7,True,False,0,0,0.005,Low
301.4,310.3,1611,41.5,11,8.900000000000034,66856.5,456.5,0,456.5,False,False,0,0,0.0,Low
299.8,309.9,1553,36.6,157,10.099999999999966,56839.8,5746.2,1,5746.2,True,False,0,0,0.0,Low
303.7,312.7,1335,51.1,161,9.0,68218.5,8227.1,1,8227.1,True,False,0,0,0.005,Low
300.6,310.6,1508,34.8,62,10.0,52478.4,2157.6,1,2157.6,True,False,0,0,0.0,Low
300.0,309.6,1573,39.7,162,9.600000000000025,62448.100000000006,6431.400000000001,2,6431.400000000001,False,True,0,0,0.0,Low
298.6,309.4,1465,41.1,30,10.799999999999956,60211.5,1233.0,2,1233.0,False,True,0,0,0.0,Low
301.7,310.1,1500,39.6,56,8.400000000000034,59400.0,2217.6,1,2217.6,True,False,0,0,0.0,Low
300.0,311.4,1927,24.6,132,11.399999999999975,47404.2,3247.2000000000003,1,3247.2000000000003,True,False,0,0,0.0,Low
302.5,311.5,1496,43.8,218,9.0,65524.8,9548.4,0,9548.4,False,False,0,0,0.08,Low
298.6,309.2,1742,30.0,37,10.599999999999966,52260.0,1110.0,2,1110.0,False,True,0,0,0.0,Low
300.4,309.3,1766,28.2,207,8.900000000000034,49801.2,5837.4,1,5837.4,True,False,0,0,0.015,Low
300.8,310.4,1419,46.4,200,9.599999999999966,65841.59999999999,9280.0,0,9280.0,False,False,0,0,0.0,Low
298.0,308.7,1494,42.6,96,10.699999999999989,63644.4,4089.6,2,4089.6,False,True,0,0,0.0,Low
297.3,308.1,1554,42.4,158,10.800000000000011,65889.59999999999,6699.2,0,6699.2,False,False,0,0,0.0,Low
298.0,307.7,1643,32.3,200,9.699999999999989,53068.9,6459.999999999999,1,6459.999999999999,True,False,0,0,0.0,Low
302.0,311.0,1980,21.5,20,9.0,42570.0,430.0,2,430.0,False,True,0,0,0.005,Low
298.7,310.1,1641,31.1,49,11.400000000000034,51035.100000000006,1523.9,1,1523.9,True,False,0,0,0.0,Low
299.9,309.4,1399,54.8,3,9.5,76665.2,164.39999999999998,2,164.39999999999998,False,True,0,0,0.0,Low
296.9,308.0,1430,55.9,71,11.100000000000025,79937.0,3968.9,2,3968.9,False,True,0,0,0.0,Low
302.5,311.9,1497,41.6,123,9.399999999999975,62275.2,5116.8,1,5116.8,True,False,0,0,0.0,Low
299.9,310.4,1328,49.9,206,10.5,66267.2,10279.4,1,10279.4,True,False,0,0,0.015,Low
297.6,308.6,1492,35.5,88,11.0,52966.0,3124.0,2,3124.0,False,True,0,0,0.0,Low
301.2,312.4,1480,53.5,97,11.199999999999989,79180.0,5189.5,1,5189.5,True,False,0,0,0.005,Low
298.9,308.3,1576,36.6,7,9.400000000000034,57681.600000000006,256.2,1,256.2,True,False,0,0,0.0,Low
296.9,308.4,1557,32.4,173,11.5,50446.8,5605.2,1,5605.2,True,False,0,0,0.0,Low
302.1,310.6,1326,59.1,88,8.5,78366.6,5200.8,2,5200.8,False,True,1,1,0.715,High
300.2,309.8,1827,23.0,6,9.600000000000025,42021.0,138.0,1,138.0,True,False,0,0,0.0,Low
301.1,311.2,1910,20.2,41,10.099999999999966,38582.0,828.1999999999999,1,828.1999999999999,True,False,0,0,0.0,Low
299.8,309.1,1485,39.9,207,9.300000000000011,59251.5,8259.3,1,8259.3,True,False,0,0,0.01,Low
300.6,309.4,1380,47.6,246,8.799999999999955,65688.0,11709.6,0,11709.6,False,False,1,0,0.35,Low
303.4,312.7,1399,48.4,34,9.300000000000011,67711.59999999999,1645.6,2,1645.6,False,True,0,0,0.01,Low
298.9,308.2,1335,47.8,40,9.300000000000011,63812.99999999999,1912.0,2,1912.0,False,True,0,0,0.01,Low
298.2,307.8,1476,36.8,134,9.600000000000025,54316.8,4931.2,1,4931.2,True,False,0,0,0.0,Low
298.0,308.4,1911,22.0,13,10.399999999999975,42042.0,286.0,1,286.0,True,False,0,0,0.0,Low
302.3,310.9,1459,35.0,32,8.599999999999966,51065.0,1120.0,1,1120.0,True,False,0,0,0.005,Low
302.6,312.1,2000,21.9,200,9.5,43800.0,4380.0,2,4380.0,False,True,0,0,0.015,Low
298.8,310.0,1295,52.7,74,11.199999999999989,68246.5,3899.8,2,3899.8,False,True,0,0,0.0,Low
303.0,311.2,1511,45.7,184,8.199999999999989,69052.7,8408.800000000001,1,8408.800000000001,True,False,0,0,0.04,Low
298.0,309.1,1820,23.6,120,11.100000000000025,42952.0,2832.0,1,2832.0,True,False,0,0,0.0,Low
299.9,311.3,1703,28.4,134,11.400000000000034,48365.2,3805.6,2,3805.6,False,True,0,0,0.0,Low
301.1,312.2,1397,54.9,81,11.099999999999966,76695.3,4446.9,1,4446.9,True,False,0,0,0.0,Low
302.2,311.7,1466,49.0,66,9.5,71834.0,3234.0,2,3234.0,False,True,0,0,0.0,Low
301.1,310.6,1417,47.6,10,9.5,67449.2,476.0,1,476.0,True,False,0,0,0.0,Low
301.7,310.7,1542,40.0,188,9.0,61680.0,7520.0,1,7520.0,True,False,0,0,0.01,Low
300.6,309.8,1447,42.9,12,9.199999999999989,62076.3,514.8,2,514.8,False,True,0,0,0.0,Low
302.5,312.0,2052,18.9,40,9.5,38782.8,756.0,1,756.0,True,False,0,0,0.0,Low
299.3,308.9,1429,43.0,96,9.599999999999966,61447.0,4128.0,0,4128.0,False,False,0,0,0.0,Low
301.9,310.9,1641,33.2,3,9.0,54481.2,99.6,2,99.6,False,True,0,0,0.0,Low
297.9,307.8,1505,37.3,100,9.900000000000034,56136.49999999999,3730.0,1,3730.0,True,False,0,0,0.0,Low
300.7,310.2,1387,50.6,83,9.5,70182.2,4199.8,1,4199.8,True,False,0,0,0.0,Low
299.0,310.4,1524,39.8,120,11.399999999999975,60655.2,4776.0,1,4776.0,True,False,0,0,0.0,Low
300.3,311.8,1746,26.3,187,11.5,45919.8,4918.1,1,4918.1,True,False,0,0,0.0,Low
303.8,312.9,1589,37.2,203,9.099999999999966,59110.8,7551.6,1,7551.6,True,False,0,0,0.04,Low
297.9,307.3,1824,26.3,5,9.400000000000034,47971.2,131.5,1,131.5,True,False,0,0,0.0,Low
299.9,309.8,1400,48.7,119,9.900000000000034,68180.0,5795.3,0,5795.3,False,False,0,0,0.0,Low
297.4,308.9,1645,30.8,196,11.5,50666.0,6036.8,0,6036.8,False,False,0,0,0.0,Low
303.3,312.6,1692,29.0,125,9.300000000000011,49068.0,3625.0,0,3625.0,False,False,0,0,0.0,Low
299.8,309.6,1374,51.6,137,9.800000000000011,70898.40000000001,7069.2,1,7069.2,True,False,0,0,0.0,Low
302.8,311.0,1507,33.4,82,8.199999999999989,50333.8,2738.8,2,2738.8,False,True,0,0,0.0,Low
295.8,306.5,1505,35.2,86,10.699999999999989,52976.00000000001,3027.2000000000003,1,3027.2000000000003,True,False,0,0,0.0,Low
304.0,313.3,1530,34.8,211,9.300000000000011,53243.99999999999,7342.799999999999,1,7342.799999999999,True,False,0,0,0.16,Low
298.2,308.7,1426,42.6,23,10.5,60747.6,979.8,2,979.8,False,True,0,0,0.0,Low
298.5,309.5,1738,25.2,49,11.0,43797.6,1234.8,1,1234.8,True,False,0,0,0.0,Low
297.5,308.4,1596,36.6,80,10.899999999999975,58413.600000000006,2928.0,2,2928.0,False,True,0,0,0.0,Low
300.0,309.5,1717,28.3,48,9.5,48591.1,1358.4,1,1358.4,True,False,0,0,0.0,Low
300.0,311.4,1352,61.8,10,11.399999999999975,83553.59999999999,618.0,2,618.0,False,True,0,0,0.0,Low
298.0,307.9,1479,47.6,76,9.899999999999975,70400.40000000001,3617.6,2,3617.6,False,True,0,0,0.0,Low
303.7,312.9,1406,41.9,48,9.199999999999989,58911.4,2011.2,2,2011.2,False,True,0,0,0.0,Low
299.7,309.0,1412,49.2,85,9.300000000000011,69470.40000000001,4182.0,1,4182.0,True,False,0,0,0.0,Low
300.5,309.8,1461,52.5,146,9.300000000000011,76702.5,7665.0,1,7665.0,True,False,0,0,0.0,Low
300.7,311.3,1487,39.8,50,10.600000000000025,59182.6,1990.0,2,1990.0,False,True,0,0,0.0,Low
302.4,311.9,1290,70.0,139,9.5,90300.0,9730.0,1,9730.0,True,False,1,1,0.695,Medium
300.8,311.2,1492,39.0,109,10.399999999999975,58188.0,4251.0,1,4251.0,True,False,0,0,0.0,Low
301.0,312.0,1499,34.6,207,11.0,51865.4,7162.200000000001,2,7162.200000000001,False,True,0,0,0.155,Low
299.7,311.1,1650,32.4,60,11.400000000000034,53460.0,1944.0,1,1944.0,True,False,0,0,0.0,Low
298.0,307.7,1442,43.6,148,9.699999999999989,62871.2,6452.8,1,6452.8,True,False,0,0,0.0,Low
299.2,308.9,1521,42.3,215,9.699999999999989,64338.3,9094.5,2,9094.5,False,True,0,0,0.0,Low
298.6,308.4,1407,50.5,164,9.799999999999956,71053.5,8282.0,0,8282.0,False,False,0,0,0.0,Low
298.7,308.5,1420,45.7,143,9.800000000000011,64894.00000000001,6535.1,0,6535.1,False,False,0,0,0.0,Low
299.7,309.4,1399,39.9,91,9.699999999999989,55820.1,3630.9,1,3630.9,True,False,0,0,0.0,Low
296.9,307.8,1840,24.6,157,10.900000000000034,45264.0,3862.2,2,3862.2,False,True,0,0,0.0,Low
300.7,312.0,1550,32.4,5,11.300000000000011,50220.0,162.0,1,162.0,True,False,0,0,0.0,Low
302.5,311.9,1524,34.8,86,9.399999999999975,53035.2,2992.8,2,2992.8,False,True,0,0,0.0,Low
304.1,313.6,1382,46.7,134,9.5,64539.4,6257.8,1,6257.8,True,False,0,0,0.0,Low
298.2,308.0,1658,30.0,3,9.800000000000011,49740.0,90.0,1,90.0,True,False,0,0,0.0,Low
298.8,309.8,1363,44.0,25,11.0,59972.0,1100.0,1,1100.0,True,False,0,0,0.0,Low
302.9,312.3,1530,34.9,185,9.400000000000034,53397.0,6456.5,1,6456.5,True,False,0,0,0.0,Low
298.1,309.1,1425,44.5,49,11.0,63412.5,2180.5,0,2180.5,False,False,0,0,0.0,Low
300.2,311.3,1587,31.2,73,11.100000000000025,49514.4,2277.6,2,2277.6,False,True,0,0,0.0,Low
301.6,310.6,1562,34.4,162,9.0,53732.8,5572.8,1,5572.8,True,False,0,0,0.0,Low
301.8,311.5,1443,43.3,134,9.699999999999989,62481.9,5802.2,1,5802.2,True,False,0,0,0.0,Low
298.2,308.9,1414,44.3,68,10.699999999999989,62640.2,3012.4,2,3012.4,False,True,0,0,0.0,Low
302.2,311.5,1443,47.0,90,9.300000000000011,67821.0,4230.0,2,4230.0,False,True,0,0,0.0,Low
298.2,308.8,1540,34.8,32,10.600000000000025,53591.99999999999,1113.6,1,1113.6,True,False,0,0,0.0,Low
300.8,311.6,1568,36.0,23,10.800000000000011,56448.0,828.0,1,828.0,True,False,0,0,0.0,Low
297.9,307.5,1574,35.8,153,9.600000000000025,56349.2,5477.4,1,5477.4,True,False,0,0,0.0,Low
302.6,311.0,1542,39.7,141,8.399999999999977,61217.4,5597.700000000001,2,5597.700000000001,False,True,0,0,0.0,Low
299.9,309.2,1389,51.2,185,9.300000000000011,71116.8,9472.0,2,9472.0,False,True,0,0,0.0,Low
303.4,312.1,1499,39.4,197,8.700000000000045,59060.6,7761.799999999999,2,7761.799999999999,False,True,0,0,0.005,Low
297.3,308.3,1461,41.5,108,11.0,60631.5,4482.0,0,4482.0,False,False,0,0,0.0,Low
297.2,308.5,1584,40.0,4,11.300000000000011,63360.0,160.0,2,160.0,False,True,0,0,0.0,Low
299.5,309.3,1409,44.7,46,9.800000000000011,62982.3,2056.2000000000003,1,2056.2000000000003,True,False,0,0,0.0,Low
298.0,307.6,1569,35.6,173,9.600000000000025,55856.4,6158.8,2,6158.8,False,True,0,0,0.0,Low
299.7,309.6,1399,51.3,144,9.900000000000034,71768.7,7387.2,1,7387.2,True,False,0,0,0.0,Low
302.5,311.0,1387,52.1,116,8.5,72262.7,6043.6,2,6043.6,False,True,0,0,0.095,Low
298.3,309.1,1488,40.6,176,10.800000000000011,60412.8,7145.6,2,7145.6,False,True,0,0,0.0,Low
300.0,309.4,1308,50.2,32,9.399999999999975,65661.6,1606.4,1,1606.4,True,False,0,0,0.0,Low
297.6,308.5,1475,42.4,24,10.899999999999975,62540.0,1017.6,1,1017.6,True,False,0,0,0.0,Low
300.3,311.3,1505,39.6,107,11.0,59598.0,4237.2,1,4237.2,True,False,0,0,0.0,Low
302.4,311.4,1450,44.1,56,9.0,63945.0,2469.6,1,2469.6,True,False,0,0,0.0,Low
301.8,310.0,2032,19.0,203,8.199999999999989,38608.0,3857.0,1,3857.0,True,False,0,0,0.005,Low
300.7,310.2,1696,27.5,73,9.5,46640.0,2007.5,1,2007.5,True,False,0,0,0.0,Low
296.2,306.9,1516,39.1,138,10.699999999999989,59275.6,5395.8,1,5395.8,True,False,0,0,0.0,Low
302.0,310.4,1464,47.2,159,8.399999999999977,69100.8,7504.8,1,7504.8,True,False,0,0,0.015,Low
302.9,311.0,1820,24.6,128,8.100000000000023,44772.0,3148.8,1,3148.8,True,False,0,0,0.0,Low
297.4,308.7,1638,31.9,131,11.300000000000011,52252.2,4178.9,1,4178.9,True,False,0,0,0.0,Low
300.1,311.7,1503,42.6,208,11.599999999999966,64027.8,8860.800000000001,1,8860.800000000001,True,False,0,0,0.01,Low
301.5,310.4,1270,54.2,26,8.899999999999977,68834.0,1409.2,1,1409.2,True,False,0,0,0.02,Low
302.3,311.0,1541,36.6,143,8.699999999999989,56400.600000000006,5233.8,2,5233.8,False,True,0,0,0.0,Low
300.4,311.8,1707,30.0,165,11.400000000000034,51210.0,4950.0,2,4950.0,False,True,0,0,0.005,Low
302.0,310.9,1455,43.2,220,8.899999999999977,62856.00000000001,9504.0,1,9504.0,True,False,0,0,0.13,Low
297.9,309.2,1478,39.7,10,11.300000000000011,58676.600000000006,397.0,1,397.0,True,False,0,0,0.0,Low
301.7,310.2,1486,43.0,66,8.5,63898.0,2838.0,1,2838.0,True,False,0,0,0.0,Low
298.8,309.1,1477,42.4,158,10.300000000000011,62624.8,6699.2,1,6699.2,True,False,0,0,0.0,Low
299.1,308.5,1415,43.4,0,9.399999999999975,61411.0,0.0,1,0.0,True,False,0,0,0.0,Low
300.5,311.6,1658,30.4,170,11.100000000000025,50403.2,5168.0,2,5168.0,False,True,0,0,0.01,Low
299.8,309.3,1291,56.4,188,9.5,72812.4,10603.2,1,10603.2,True,False,0,0,0.03,Low
298.1,307.9,1517,40.8,50,9.799999999999956,61893.6,2040.0,1,2040.0,True,False,0,0,0.0,Low
302.3,311.4,1609,32.3,49,9.099999999999966,51970.7,1582.6999999999998,1,1582.6999999999998,True,False,0,0,0.0,Low
300.6,311.9,1472,44.2,126,11.299999999999956,65062.4,5569.200000000001,1,5569.200000000001,True,False,0,0,0.0,Low
299.0,308.5,1886,23.0,198,9.5,43378.0,4554.0,1,4554.0,True,False,0,0,0.005,Low
302.4,311.8,1255,59.0,138,9.400000000000034,74045.0,8142.0,1,8142.0,True,False,0,0,0.025,Low
296.9,307.7,1550,39.7,124,10.800000000000011,61535.00000000001,4922.8,1,4922.8,True,False,0,0,0.0,Low
303.4,312.2,1554,36.8,85,8.800000000000011,57187.2,3127.9999999999995,0,3127.9999999999995,False,False,0,0,0.0,Low
300.6,309.8,1532,42.5,130,9.199999999999989,65110.0,5525.0,2,5525.0,False,True,0,0,0.0,Low
301.7,310.1,1487,48.0,36,8.400000000000034,71376.0,1728.0,1,1728.0,True,False,0,0,0.0,Low
301.4,310.6,1557,38.2,157,9.200000000000044,59477.4,5997.400000000001,1,5997.400000000001,True,False,0,0,0.0,Low
302.7,310.5,1563,35.0,8,7.800000000000011,54705.0,280.0,1,280.0,True,False,0,0,0.0,Low
300.9,311.4,1387,42.7,121,10.5,59224.9,5166.700000000001,0,5166.700000000001,False,False,0,0,0.0,Low
295.9,306.6,1679,30.4,117,10.700000000000044,51041.6,3556.8,1,3556.8,True,False,0,0,0.0,Low
300.5,311.9,1576,31.1,149,11.399999999999975,49013.600000000006,4633.900000000001,1,4633.900000000001,True,False,0,0,0.0,Low
302.6,312.4,1386,45.8,38,9.799999999999956,63478.8,1740.4,1,1740.4,True,False,0,0,0.0,Low
302.3,311.6,1608,39.9,136,9.300000000000011,64159.2,5426.4,2,5426.4,False,True,0,0,0.0,Low
299.6,310.2,1381,60.5,13,10.599999999999966,83550.5,786.5,1,786.5,True,False,0,0,0.01,Low
301.3,311.5,1648,32.4,0,10.199999999999989,53395.2,0.0,2,0.0,False,True,0,0,0.0,Low
300.3,311.7,1655,29.9,193,11.399999999999975,49484.5,5770.7,0,5770.7,False,False,0,0,0.0,Low
302.3,311.5,1543,33.1,39,9.199999999999989,51073.3,1290.9,1,1290.9,True,False,0,0,0.0,Low
302.5,312.0,1451,43.2,189,9.5,62683.2,8164.8,2,8164.8,False,True,0,0,0.0,Low
301.7,311.0,1298,58.1,168,9.300000000000011,75413.8,9760.8,2,9760.8,False,True,0,0,0.02,Low
297.4,309.3,1775,25.8,91,11.900000000000034,45795.0,2347.8,2,2347.8,False,True,0,0,0.0,Low
297.2,307.9,1456,44.9,85,10.699999999999989,65374.4,3816.5,2,3816.5,False,True,0,0,0.0,Low
297.4,308.1,1348,53.7,68,10.700000000000044,72387.6,3651.6,1,3651.6,True,False,0,0,0.0,Low
301.4,310.5,1451,45.3,183,9.100000000000025,65730.3,8289.9,2,8289.9,False,True,0,0,0.0,Low
303.4,311.5,1879,21.3,78,8.100000000000023,40022.7,1661.4,1,1661.4,True,False,0,0,0.0,Low
299.0,310.4,1713,28.0,116,11.399999999999975,47964.0,3248.0,1,3248.0,True,False,0,0,0.0,Low
298.0,307.7,1606,30.8,17,9.699999999999989,49464.8,523.6,1,523.6,True,False,0,0,0.0,Low
302.8,311.0,1564,38.5,85,8.199999999999989,60214.0,3272.5,1,3272.5,True,False,0,0,0.0,Low
298.1,309.0,1502,40.9,153,10.899999999999975,61431.8,6257.7,1,6257.7,True,False,0,0,0.0,Low
301.3,311.1,1723,27.6,210,9.800000000000011,47554.8,5796.0,1,5796.0,True,False,0,0,0.01,Low
304.0,313.0,1575,34.5,92,9.0,54337.5,3174.0,2,3174.0,False,True,0,0,0.0,Low
303.9,313.1,1437,48.3,110,9.200000000000044,69407.09999999999,5313.0,2,5313.0,False,True,0,0,0.0,Low
299.8,309.5,1641,27.1,16,9.699999999999989,44471.100000000006,433.6,1,433.6,True,False,0,0,0.0,Low
302.2,311.4,1449,46.5,60,9.199999999999989,67378.5,2790.0,1,2790.0,True,False,0,0,0.0,Low
300.0,311.3,1520,39.2,43,11.300000000000011,59584.00000000001,1685.6,1,1685.6,True,False,0,0,0.0,Low
301.4,310.8,1530,39.9,107,9.400000000000034,61047.0,4269.3,2,4269.3,False,True,0,0,0.0,Low
297.4,308.5,1418,51.2,52,11.100000000000025,72601.6,2662.4,1,2662.4,True,False,0,0,0.0,Low
297.3,308.3,2358,14.9,49,11.0,35134.200000000004,730.1,1,730.1,True,False,0,0,0.005,Low
298.7,309.7,1667,30.4,92,11.0,50676.8,2796.8,1,2796.8,True,False,0,0,0.0,Low
300.3,309.8,1523,39.2,24,9.5,59701.600000000006,940.8,1,940.8,True,False,0,0,0.0,Low
295.7,306.2,1464,46.2,92,10.5,67636.8,4250.400000000001,1,4250.400000000001,True,False,0,0,0.0,Low
298.4,309.1,1579,36.1,123,10.700000000000044,57001.9,4440.3,1,4440.3,True,False,0,0,0.0,Low
302.4,312.0,1305,49.1,16,9.600000000000025,64075.5,785.6,1,785.6,True,False,0,0,0.02,Low
298.5,310.0,1804,26.1,22,11.5,47084.4,574.2,1,574.2,True,False,0,0,0.0,Low
302.6,311.0,1660,38.0,99,8.399999999999977,63080.0,3762.0,1,3762.0,True,False,0,0,0.0,Low
297.1,308.5,1621,32.4,194,11.399999999999975,52520.4,6285.599999999999,2,6285.599999999999,False,True,0,0,0.0,Low
297.6,309.3,1529,41.9,3,11.699999999999989,64065.1,125.7,2,125.7,False,True,0,0,0.0,Low
298.1,307.7,1479,45.0,136,9.599999999999966,66555.0,6120.0,1,6120.0,True,False,0,0,0.0,Low
300.6,309.4,1442,43.2,96,8.799999999999955,62294.4,4147.200000000001,1,4147.200000000001,True,False,0,0,0.0,Low
302.4,311.9,1867,25.9,121,9.5,48355.3,3133.9,1,3133.9,True,False,0,0,0.0,Low
302.3,311.0,1442,43.7,152,8.699999999999989,63015.4,6642.400000000001,1,6642.400000000001,True,False,0,0,0.0,Low
300.3,311.8,1488,38.4,51,11.5,57139.2,1958.4,1,1958.4,True,False,0,0,0.0,Low
297.7,309.1,1732,28.1,167,11.400000000000034,48669.2,4692.7,2,4692.7,False,True,0,0,0.025,Low
300.4,310.5,1402,54.3,44,10.100000000000025,76128.59999999999,2389.2,1,2389.2,True,False,0,0,0.0,Low
299.5,309.1,1548,44.3,40,9.600000000000025,68576.4,1772.0,0,1772.0,False,False,0,0,0.03,Low
301.0,310.7,1493,48.1,145,9.699999999999989,71813.3,6974.5,2,6974.5,False,True,0,0,0.0,Low
302.6,310.9,1331,52.0,154,8.299999999999955,69212.0,8008.0,1,8008.0,True,False,1,1,0.925,Critical
301.4,309.9,1259,63.9,20,8.5,80450.09999999999,1278.0,1,1278.0,True,False,1,0,0.41,Medium
299.2,308.7,1375,55.1,78,9.5,75762.5,4297.8,0,4297.8,False,False,0,0,0.0,Low
300.1,309.6,1321,46.9,75,9.5,61954.9,3517.5,1,3517.5,True,False,0,0,0.0,Low
298.9,310.2,1771,26.8,216,11.300000000000011,47462.8,5788.8,0,5788.8,False,False,0,0,0.095,Low
300.3,311.1,1477,44.2,166,10.800000000000011,65283.4,7337.200000000001,2,7337.200000000001,False,True,0,0,0.0,Low
301.3,310.8,1390,57.4,164,9.5,79786.0,9413.6,1,9413.6,True,False,0,0,0.01,Low
299.1,308.3,1489,38.1,32,9.199999999999989,56730.9,1219.2,1,1219.2,True,False,0,0,0.0,Low
298.2,310.0,1433,44.2,68,11.800000000000011,63338.600000000006,3005.6000000000004,0,3005.6000000000004,False,False,0,0,0.01,Low
296.2,307.2,1385,44.0,5,11.0,60940.0,220.0,2,220.0,False,True,0,0,0.0,Low
298.2,307.7,1608,33.8,106,9.5,54350.4,3582.8,2,3582.8,False,True,0,0,0.0,Low
301.1,310.1,1489,45.8,42,9.0,68196.2,1923.6,1,1923.6,True,False,0,0,0.0,Low
298.7,310.1,1620,34.8,112,11.400000000000034,56375.99999999999,3897.6,1,3897.6,True,False,0,0,0.0,Low
303.9,312.6,1426,53.4,172,8.700000000000045,76148.4,9184.8,1,9184.8,True,False,0,0,0.0,Low
302.6,312.3,1647,31.8,52,9.699999999999989,52374.6,1653.6,1,1653.6,True,False,0,0,0.0,Low
301.2,310.8,1479,38.2,139,9.600000000000025,56497.8,5309.8,1,5309.8,True,False,0,0,0.0,Low
297.8,308.4,1374,47.1,150,10.599999999999966,64715.4,7065.0,1,7065.0,True,False,0,0,0.0,Low
300.2,310.6,1983,20.8,83,10.400000000000034,41246.4,1726.4,2,1726.4,False,True,0,0,0.0,Low
298.3,309.5,1711,30.3,148,11.199999999999989,51843.3,4484.400000000001,1,4484.400000000001,True,False,0,0,0.0,Low
298.7,308.5,1353,47.0,190,9.800000000000011,63591.0,8930.0,1,8930.0,True,False,0,0,0.005,Low
297.3,308.4,1521,38.2,87,11.099999999999966,58102.2,3323.4,2,3323.4,False,True,0,0,0.0,Low
300.2,310.2,1530,48.5,15,10.0,74205.0,727.5,1,727.5,True,False,0,0,0.01,Low
297.5,308.3,2564,12.8,127,10.800000000000011,32819.200000000004,1625.6,1,1625.6,True,False,1,1,0.925,Critical
303.8,313.2,1336,47.8,176,9.399999999999975,63860.8,8412.8,1,8412.8,True,False,0,0,0.005,Low
299.8,310.4,1579,36.4,0,10.599999999999966,57475.6,0.0,1,0.0,True,False,0,0,0.0,Low
301.3,310.8,1432,54.4,51,9.5,77900.8,2774.4,1,2774.4,True,False,0,0,0.0,Low
301.4,310.7,1428,53.7,176,9.300000000000011,76683.6,9451.2,1,9451.2,True,False,0,0,0.0,Low
300.7,310.6,1418,46.3,84,9.900000000000034,65653.4,3889.2,2,3889.2,False,True,0,0,0.0,Low
301.0,310.9,1492,44.6,15,9.899999999999975,66543.2,669.0,1,669.0,True,False,0,0,0.0,Low
302.2,310.1,1458,45.1,15,7.900000000000034,65755.8,676.5,1,676.5,True,False,0,0,0.005,Low
299.1,310.0,1437,41.1,192,10.899999999999975,59060.7,7891.200000000001,2,7891.200000000001,False,True,0,0,0.0,Low
301.6,310.5,1414,49.3,106,8.899999999999977,69710.2,5225.799999999999,2,5225.799999999999,False,True,0,0,0.0,Low
297.8,307.8,1662,30.7,48,10.0,51023.4,1473.6,0,1473.6,False,False,0,0,0.0,Low
298.7,310.0,1459,40.2,69,11.300000000000011,58651.8,2773.8,2,2773.8,False,True,0,0,0.0,Low
303.3,311.5,1384,54.8,48,8.199999999999989,75843.2,2630.4,2,2630.4,False,True,0,0,0.18,Low
300.2,310.4,1530,35.7,80,10.199999999999989,54621.00000000001,2856.0,2,2856.0,False,True,0,0,0.0,Low
297.5,308.7,1371,46.5,121,11.199999999999989,63751.5,5626.5,1,5626.5,True,False,0,0,0.0,Low
298.0,308.6,1313,50.8,170,10.600000000000025,66700.4,8636.0,1,8636.0,True,False,0,0,0.005,Low
298.7,309.7,1881,21.7,29,11.0,40817.7,629.3,1,629.3,True,False,0,0,0.0,Low
302.3,310.1,1731,33.4,112,7.800000000000011,57815.4,3740.8,2,3740.8,False,True,0,0,0.0,Low
300.9,311.1,1457,37.4,96,10.200000000000044,54491.8,3590.4,1,3590.4,True,False,0,0,0.0,Low
302.3,311.7,1494,37.1,114,9.399999999999975,55427.4,4229.400000000001,2,4229.400000000001,False,True,0,0,0.0,Low
300.5,311.9,1546,39.4,203,11.399999999999975,60912.4,7998.2,1,7998.2,True,False,0,0,0.04,Low
299.0,310.3,1657,31.0,70,11.300000000000011,51367.0,2170.0,2,2170.0,False,True,0,0,0.0,Low
298.7,310.2,1613,36.0,0,11.5,58068.0,0.0,0,0.0,False,False,0,0,0.0,Low
300.7,309.6,1661,30.3,129,8.900000000000034,50328.3,3908.7,1,3908.7,True,False,0,0,0.0,Low
298.4,309.4,1540,43.2,141,11.0,66528.0,6091.200000000001,1,6091.200000000001,True,False,0,0,0.0,Low
302.2,311.3,1530,37.3,207,9.100000000000025,57068.99999999999,7721.099999999999,1,7721.099999999999,True,False,1,0,0.235,Low
300.8,311.4,1521,39.9,15,10.599999999999966,60687.9,598.5,2,598.5,False,True,0,0,0.0,Low
302.2,310.0,1483,48.7,20,7.800000000000011,72222.1,974.0,1,974.0,True,False,0,0,0.015,Low
301.4,311.3,2323,15.9,50,9.900000000000034,36935.7,795.0,1,795.0,True,False,0,0,0.0,Low
302.3,311.5,1530,37.8,57,9.199999999999989,57833.99999999999,2154.6,1,2154.6,True,False,0,0,0.0,Low
296.9,308.1,1435,45.3,62,11.200000000000044,65005.49999999999,2808.6,1,2808.6,True,False,0,0,0.0,Low
298.7,309.6,1516,38.5,61,10.900000000000034,58366.0,2348.5,1,2348.5,True,False,0,0,0.0,Low
296.4,307.4,1416,50.0,210,11.0,70800.0,10500.0,2,10500.0,False,True,0,0,0.02,Low
301.8,311.0,1756,26.7,33,9.199999999999989,46885.2,881.1,2,881.1,False,True,0,0,0.0,Low
300.5,310.5,1452,42.9,29,10.0,62290.8,1244.1,1,1244.1,True,False,0,0,0.0,Low
302.5,310.5,1436,36.5,43,8.0,52414.0,1569.5,1,1569.5,True,False,0,0,0.0,Low
301.6,310.6,1455,43.9,0,9.0,63874.5,0.0,1,0.0,True,False,0,0,0.0,Low
298.5,309.7,1634,37.8,78,11.199999999999989,61765.2,2948.4,1,2948.4,True,False,0,0,0.0,Low
301.8,309.9,1334,61.0,182,8.099999999999966,81374.0,11102.0,2,11102.0,False,True,1,0,0.455,Medium
302.3,311.7,1482,39.0,127,9.399999999999975,57798.0,4953.0,0,4953.0,False,False,0,0,0.0,Low
303.4,311.5,1501,36.2,69,8.100000000000023,54336.2,2497.8,1,2497.8,True,False,0,0,0.0,Low
297.5,308.6,1513,39.7,32,11.100000000000025,60066.100000000006,1270.4,1,1270.4,True,False,0,0,0.0,Low
299.0,308.6,1645,33.4,22,9.600000000000025,54943.0,734.8,2,734.8,False,True,0,0,0.0,Low
300.8,310.8,1689,32.9,151,10.0,55568.1,4967.9,1,4967.9,True,False,0,0,0.0,Low
300.3,311.7,1571,31.2,123,11.399999999999975,49015.2,3837.6,1,3837.6,True,False,0,0,0.0,Low
301.8,310.6,1395,50.5,131,8.800000000000011,70447.5,6615.5,1,6615.5,True,False,0,0,0.005,Low
298.4,309.5,1450,47.9,112,11.100000000000025,69455.0,5364.8,1,5364.8,True,False,0,0,0.0,Low
297.9,307.6,1968,20.4,171,9.700000000000044,40147.2,3488.4,1,3488.4,True,False,0,0,0.0,Low
300.4,310.6,1429,46.9,19,10.200000000000044,67020.09999999999,891.1,1,891.1,True,False,0,0,0.01,Low
299.5,309.1,1415,49.2,8,9.600000000000025,69618.0,393.6,1,393.6,True,False,0,0,0.0,Low
297.4,308.6,1420,45.8,120,11.200000000000044,65035.99999999999,5496.0,0,5496.0,False,False,0,0,0.025,Low
302.3,311.7,1486,39.6,147,9.399999999999975,58845.6,5821.2,2,5821.2,False,True,0,0,0.0,Low
297.8,307.5,1405,46.9,113,9.699999999999989,65894.5,5299.7,2,5299.7,False,True,0,0,0.0,Low
300.1,310.1,1650,31.6,19,10.0,52140.0,600.4,1,600.4,True,False,0,0,0.0,Low
298.8,309.3,1450,44.8,63,10.5,64959.99999999999,2822.4,1,2822.4,True,False,0,0,0.0,Low
297.5,308.6,1510,35.5,155,11.100000000000025,53605.0,5502.5,2,5502.5,False,True,0,0,0.0,Low
301.0,310.8,1475,35.3,19,9.800000000000011,52067.49999999999,670.6999999999999,1,670.6999999999999,True,False,0,0,0.0,Low
298.2,308.8,1345,44.3,37,10.600000000000025,59583.49999999999,1639.1,1,1639.1,True,False,0,0,0.0,Low
300.6,309.5,1530,40.2,93,8.899999999999977,61506.00000000001,3738.6,2,3738.6,False,True,0,0,0.0,Low
296.9,308.1,1440,46.3,64,11.200000000000044,66672.0,2963.2,2,2963.2,False,True,0,0,0.005,Low
303.9,312.7,1485,43.3,174,8.800000000000011,64300.49999999999,7534.2,2,7534.2,False,True,0,0,0.0,Low
302.3,310.9,1545,36.7,18,8.599999999999966,56701.50000000001,660.6,1,660.6,True,False,0,0,0.0,Low
302.2,311.2,1381,49.4,207,9.0,68221.4,10225.8,1,10225.8,True,False,0,0,0.105,Low
300.1,310.1,1684,30.8,13,10.0,51867.2,400.4,1,400.4,True,False,0,0,0.0,Low
299.9,310.4,1408,38.4,144,10.5,54067.2,5529.599999999999,1,5529.599999999999,True,False,0,0,0.0,Low
298.0,308.6,1507,37.3,217,10.600000000000025,56211.1,8094.099999999999,2,8094.099999999999,False,True,0,0,0.09,Low
295.5,306.0,1800,27.6,208,10.5,49680.0,5740.8,1,5740.8,True,False,0,0,0.02,Low
299.0,308.8,1418,45.7,204,9.800000000000011,64802.600000000006,9322.8,2,9322.8,False,True,0,0,0.02,Low
299.1,310.4,1405,53.6,86,11.299999999999956,75308.0,4609.6,0,4609.6,False,False,0,0,0.0,Low
299.4,309.0,1607,33.7,130,9.600000000000025,54155.9,4381.0,0,4381.0,False,False,0,0,0.0,Low
302.3,311.2,1786,24.3,81,8.899999999999977,43399.8,1968.3,1,1968.3,True,False,0,0,0.0,Low
298.4,307.9,1948,21.4,136,9.5,41687.2,2910.4,0,2910.4,False,False,0,0,0.0,Low
298.8,309.8,1493,38.5,132,11.0,57480.5,5082.0,1,5082.0,True,False,0,0,0.0,Low
300.1,309.4,1569,31.6,124,9.299999999999956,49580.4,3918.4,2,3918.4,False,True,0,0,0.0,Low
300.1,311.4,1660,31.4,38,11.299999999999956,52124.0,1193.2,1,1193.2,True,False,0,0,0.0,Low
302.2,311.2,1649,33.2,9,9.0,54746.8,298.8,1,298.8,True,False,0,0,0.0,Low
298.4,309.1,1423,48.0,135,10.700000000000044,68304.0,6480.0,1,6480.0,True,False,0,0,0.0,Low
299.3,308.6,1403,50.6,189,9.300000000000011,70991.8,9563.4,1,9563.4,True,False,0,0,0.0,Low
300.7,310.6,1609,27.6,108,9.900000000000034,44408.4,2980.8,2,2980.8,False,True,0,0,0.0,Low
296.8,307.6,1338,44.4,128,10.800000000000011,59407.2,5683.2,1,5683.2,True,False,0,0,0.0,Low
300.8,310.9,1425,44.0,33,10.099999999999966,62700.0,1452.0,0,1452.0,False,False,0,0,0.01,Low
297.8,307.3,1327,61.0,186,9.5,80947.0,11346.0,1,11346.0,True,False,1,1,0.75,High
304.0,313.0,1685,28.2,66,9.0,47517.0,1861.2,2,1861.2,False,True,0,0,0.0,Low
302.7,312.2,1611,34.1,186,9.5,54935.100000000006,6342.6,1,6342.6,True,False,0,0,0.0,Low
297.8,307.3,1804,26.0,222,9.5,46904.0,5772.0,2,5772.0,False,True,0,0,0.14,Low
300.2,309.3,1366,49.3,59,9.100000000000025,67343.8,2908.7,1,2908.7,True,False,0,0,0.0,Low
298.6,309.5,1450,44.3,7,10.899999999999975,64234.99999999999,310.1,1,310.1,True,False,0,0,0.0,Low
299.1,310.5,1628,35.9,174,11.399999999999975,58445.2,6246.599999999999,1,6246.599999999999,True,False,0,0,0.0,Low
302.1,311.5,1533,39.4,26,9.399999999999975,60400.2,1024.4,1,1024.4,True,False,0,0,0.0,Low
301.8,311.3,1471,44.2,148,9.5,65018.2,6541.6,1,6541.6,True,False,0,0,0.0,Low
300.3,310.1,1483,39.9,174,9.800000000000011,59171.7,6942.599999999999,1,6942.599999999999,True,False,0,0,0.0,Low
300.8,311.2,1612,32.5,143,10.399999999999975,52390.0,4647.5,0,4647.5,False,False,0,0,0.0,Low
298.6,308.9,1327,58.8,9,10.299999999999956,78027.59999999999,529.1999999999999,1,529.1999999999999,True,False,0,0,0.0,Low
298.0,307.7,1479,42.5,47,9.699999999999989,62857.5,1997.5,1,1997.5,True,False,0,0,0.0,Low
301.6,310.1,1687,26.6,16,8.5,44874.2,425.6,1,425.6,True,False,0,0,0.0,Low
303.0,311.2,1503,37.0,152,8.199999999999989,55611.0,5624.0,0,5624.0,False,False,0,0,0.0,Low
301.8,310.7,2092,18.6,51,8.899999999999977,38911.2,948.6,1,948.6,True,False,0,0,0.0,Low
297.3,308.3,1544,41.7,6,11.0,64384.8,250.2,2,250.2,False,True,0,0,0.0,Low
299.7,309.5,1375,46.8,86,9.800000000000011,64349.99999999999,4024.8,0,4024.8,False,False,0,0,0.0,Low
301.6,310.2,1411,45.1,54,8.599999999999966,63636.1,2435.4,2,2435.4,False,True,0,0,0.02,Low
299.4,309.1,1373,44.1,81,9.700000000000044,60549.3,3572.1,0,3572.1,False,False,0,0,0.0,Low
302.1,311.2,1550,34.8,177,9.099999999999966,53939.99999999999,6159.599999999999,1,6159.599999999999,True,False,0,0,0.0,Low
302.9,311.0,1437,49.9,55,8.100000000000023,71706.3,2744.5,2,2744.5,False,True,0,0,0.005,Low
299.9,310.1,1447,51.4,185,10.200000000000044,74375.8,9509.0,0,9509.0,False,False,0,0,0.0,Low
298.0,308.5,1666,31.0,198,10.5,51646.0,6138.0,2,6138.0,False,True,0,0,0.0,Low
299.0,310.1,1555,38.6,118,11.100000000000025,60023.0,4554.8,0,4554.8,False,False,0,0,0.0,Low
300.8,310.8,1520,38.0,45,10.0,57760.0,1710.0,2,1710.0,False,True,0,0,0.0,Low
297.9,309.2,1529,38.1,96,11.300000000000011,58254.9,3657.6,2,3657.6,False,True,0,0,0.0,Low
300.7,309.5,1470,48.7,21,8.800000000000011,71589.0,1022.7,2,1022.7,False,True,0,0,0.015,Low
302.3,311.7,1414,47.0,11,9.399999999999975,66458.0,517.0,1,517.0,True,False,0,0,0.0,Low
300.6,310.5,1509,43.1,31,9.899999999999975,65037.9,1336.1,1,1336.1,True,False,0,0,0.01,Low
296.3,307.4,1648,34.0,60,11.099999999999966,56032.0,2040.0,1,2040.0,True,False,0,0,0.0,Low
300.5,309.4,1502,34.3,40,8.899999999999977,51518.6,1372.0,0,1372.0,False,False,0,0,0.0,Low
302.3,311.1,1373,53.0,181,8.800000000000011,72769.0,9593.0,1,9593.0,True,False,0,0,0.03,Low
296.0,306.6,1511,35.2,119,10.600000000000025,53187.2,4188.8,1,4188.8,True,False,0,0,0.0,Low
299.9,311.4,1706,28.8,111,11.5,49132.8,3196.8,1,3196.8,True,False,0,0,0.0,Low
300.0,309.0,1368,45.8,81,9.0,62654.4,3709.8,2,3709.8,False,True,0,0,0.0,Low
297.2,308.1,1474,44.3,152,10.900000000000034,65298.2,6733.599999999999,1,6733.599999999999,True,False,0,0,0.0,Low
299.6,308.9,1613,30.8,80,9.299999999999956,49680.4,2464.0,1,2464.0,True,False,0,0,0.0,Low
302.3,311.2,1633,36.4,114,8.899999999999977,59441.2,4149.599999999999,1,4149.599999999999,True,False,0,0,0.0,Low
297.0,307.8,1385,56.4,202,10.800000000000011,78114.0,11392.8,1,11392.8,True,False,1,1,0.835,High
301.8,310.2,2825,5.8,215,8.399999999999977,16385.0,1247.0,1,1247.0,True,False,1,1,0.69,Medium
300.4,309.7,1500,35.2,112,9.300000000000011,52800.00000000001,3942.400000000001,0,3942.400000000001,False,False,0,0,0.0,Low
300.8,309.7,1481,38.1,153,8.899999999999977,56426.1,5829.3,1,5829.3,True,False,0,0,0.0,Low
299.7,310.9,1685,32.1,88,11.199999999999989,54088.5,2824.8,2,2824.8,False,True,0,0,0.0,Low
297.4,309.0,1505,39.2,209,11.600000000000025,58996.00000000001,8192.800000000001,1,8192.800000000001,True,False,0,0,0.03,Low
301.0,310.4,1614,31.6,84,9.399999999999975,51002.4,2654.4,1,2654.4,True,False,0,0,0.0,Low
300.7,309.7,1623,32.7,0,9.0,53072.100000000006,0.0,0,0.0,False,False,0,0,0.0,Low
302.3,311.4,1504,38.7,65,9.099999999999966,58204.8,2515.5,1,2515.5,True,False,0,0,0.0,Low
298.4,308.2,1468,43.8,2,9.800000000000011,64298.4,87.6,2,87.6,False,True,0,0,0.0,Low
298.3,308.4,1528,37.3,160,10.099999999999966,56994.4,5968.0,1,5968.0,True,False,0,0,0.0,Low
298.2,308.7,1408,46.3,3,10.5,65190.4,138.89999999999998,1,138.89999999999998,True,False,0,0,0.005,Low
300.8,311.2,1434,45.6,174,10.399999999999975,65390.4,7934.400000000001,1,7934.400000000001,True,False,0,0,0.0,Low
300.6,309.6,1588,37.0,50,9.0,58756.0,1850.0,2,1850.0,False,True,0,0,0.0,Low
300.3,311.6,1374,47.4,197,11.300000000000011,65127.6,9337.8,1,9337.8,True,False,0,0,0.015,Low
297.8,308.5,1561,46.3,194,10.699999999999989,72274.29999999999,8982.199999999999,1,8982.199999999999,True,False,0,0,0.005,Low
298.7,309.7,1311,54.5,52,11.0,71449.5,2834.0,0,2834.0,False,False,0,0,0.0,Low
300.7,310.4,1543,47.3,203,9.699999999999989,72983.9,9601.9,1,9601.9,True,False,0,0,0.02,Low
300.6,312.2,1308,54.7,52,11.599999999999966,71547.6,2844.4,1,2844.4,True,False,0,0,0.0,Low
297.9,308.5,1300,53.0,172,10.600000000000025,68900.0,9116.0,2,9116.0,False,True,0,0,0.0,Low
299.2,309.0,1597,30.3,115,9.800000000000011,48389.1,3484.5,2,3484.5,False,True,0,0,0.015,Low
298.4,308.9,1496,37.9,194,10.5,56698.4,7352.599999999999,1,7352.599999999999,True,False,0,0,0.0,Low
301.0,312.2,2710,9.7,143,11.199999999999989,26287.0,1387.1,2,1387.1,False,True,1,1,0.945,Critical
299.7,310.3,1386,46.6,2,10.600000000000025,64587.6,93.2,1,93.2,True,False,0,0,0.0,Low
300.8,311.7,1432,45.8,6,10.899999999999975,65585.59999999999,274.79999999999995,1,274.79999999999995,True,False,0,0,0.005,Low
303.9,313.0,1759,28.4,74,9.100000000000025,49955.6,2101.6,1,2101.6,True,False,0,0,0.0,Low
301.8,310.6,1441,46.3,100,8.800000000000011,66718.3,4630.0,0,4630.0,False,False,0,0,0.005,Low
298.2,308.4,1424,47.6,179,10.199999999999989,67782.40000000001,8520.4,1,8520.4,True,False,0,0,0.0,Low
300.2,310.2,1415,49.6,21,10.0,70184.0,1041.6,1,1041.6,True,False,0,0,0.005,Low
297.3,308.4,1599,32.9,58,11.099999999999966,52607.1,1908.2,2,1908.2,False,True,0,0,0.0,Low
298.0,308.3,1362,56.8,216,10.300000000000011,77361.59999999999,12268.8,1,12268.8,True,False,1,1,0.93,Critical
302.6,311.5,1609,36.0,162,8.899999999999977,57924.0,5832.0,1,5832.0,True,False,0,0,0.0,Low
297.3,308.5,1384,39.6,144,11.199999999999989,54806.4,5702.400000000001,1,5702.400000000001,True,False,0,0,0.0,Low
301.4,310.7,1639,29.8,127,9.300000000000011,48842.2,3784.6,2,3784.6,False,True,0,0,0.01,Low
301.2,310.4,1390,49.9,74,9.199999999999989,69361.0,3692.6,1,3692.6,True,False,0,0,0.0,Low
300.3,311.7,1319,51.4,170,11.399999999999975,67796.59999999999,8738.0,2,8738.0,False,True,0,0,0.0,Low
302.2,311.3,1602,32.8,120,9.100000000000025,52545.6,3936.0,1,3936.0,True,False,0,0,0.0,Low
297.4,308.2,1471,46.5,25,10.800000000000011,68401.5,1162.5,1,1162.5,True,False,0,0,0.0,Low
300.6,309.6,1409,42.4,57,9.0,59741.6,2416.8,1,2416.8,True,False,0,0,0.0,Low
297.7,308.4,1289,51.3,82,10.699999999999989,66125.7,4206.599999999999,1,4206.599999999999,True,False,0,0,0.0,Low
298.2,309.1,1350,52.0,136,10.900000000000034,70200.0,7072.0,1,7072.0,True,False,0,0,0.0,Low
298.8,309.9,1320,47.4,210,11.099999999999966,62568.0,9954.0,1,9954.0,True,False,0,0,0.13,Low
301.8,310.9,1346,44.6,142,9.099999999999966,60031.6,6333.2,2,6333.2,False,True,0,0,0.01,Low
300.7,311.7,1701,30.8,44,11.0,52390.8,1355.2,2,1355.2,False,True,0,0,0.0,Low
303.6,312.0,1645,35.7,81,8.399999999999977,58726.50000000001,2891.7000000000003,2,2891.7000000000003,False,True,0,0,0.005,Low
297.8,307.3,1412,50.7,24,9.5,71588.40000000001,1216.8000000000002,1,1216.8000000000002,True,False,0,0,0.005,Low
299.8,309.1,1268,58.0,90,9.300000000000011,73544.0,5220.0,2,5220.0,False,True,0,0,0.0,Low
299.5,310.7,1424,41.3,101,11.199999999999989,58811.2,4171.299999999999,2,4171.299999999999,False,True,0,0,0.005,Low
297.4,308.8,1325,62.4,204,11.400000000000034,82680.0,12729.6,2,12729.6,False,True,1,1,0.765,High
296.2,306.8,1526,42.3,129,10.600000000000025,64549.8,5456.7,2,5456.7,False,True,0,0,0.0,Low
298.2,309.2,1332,60.2,147,11.0,80186.40000000001,8849.4,2,8849.4,False,True,0,0,0.005,Low
303.0,311.3,1466,43.0,210,8.300000000000011,63038.0,9030.0,1,9030.0,True,False,0,0,0.065,Low
303.5,312.6,1642,29.4,18,9.100000000000025,48274.8,529.1999999999999,2,529.1999999999999,False,True,0,0,0.0,Low
301.3,311.0,1542,35.1,204,9.699999999999989,54124.2,7160.400000000001,1,7160.400000000001,True,False,0,0,0.055,Low
301.8,310.3,1409,52.5,26,8.5,73972.5,1365.0,2,1365.0,False,True,0,0,0.03,Low
298.3,309.4,1378,52.3,12,11.099999999999966,72069.4,627.5999999999999,1,627.5999999999999,True,False,0,0,0.005,Low
303.6,312.4,1781,28.7,124,8.799999999999955,51114.7,3558.8,1,3558.8,True,False,0,0,0.0,Low
300.6,311.6,1964,21.4,15,11.0,42029.6,321.0,1,321.0,True,False,0,0,0.0,Low
300.9,310.3,1446,44.5,135,9.400000000000034,64347.0,6007.5,1,6007.5,True,False,0,0,0.0,Low
298.7,309.5,1394,46.0,113,10.800000000000011,64124.0,5198.0,2,5198.0,False,True,0,0,0.0,Low
299.1,308.3,1424,43.4,16,9.199999999999989,61801.6,694.4,0,694.4,False,False,0,0,0.0,Low
298.6,310.0,1541,36.9,12,11.399999999999975,56862.9,442.8,2,442.8,False,True,0,0,0.0,Low
296.6,307.6,1498,41.1,80,11.0,61567.8,3288.0,1,3288.0,True,False,0,0,0.0,Low
297.0,307.7,1498,47.1,199,10.699999999999989,70555.8,9372.9,2,9372.9,False,True,0,0,0.0,Low
298.3,309.3,1558,37.2,73,11.0,57957.600000000006,2715.6000000000004,1,2715.6000000000004,True,False,0,0,0.0,Low
296.6,307.5,1557,35.1,60,10.899999999999975,54650.7,2106.0,1,2106.0,True,False,0,0,0.0,Low
298.2,309.1,1569,35.2,199,10.900000000000034,55228.8,7004.8,1,7004.8,True,False,0,0,0.0,Low
300.6,310.9,1702,30.3,91,10.299999999999956,51570.6,2757.3,2,2757.3,False,True,0,0,0.0,Low
299.1,308.8,1566,46.6,192,9.699999999999989,72975.6,8947.2,0,8947.2,False,False,0,0,0.0,Low
301.2,310.7,1656,26.2,64,9.5,43387.2,1676.8,0,1676.8,False,False,0,0,0.0,Low
304.1,313.0,1408,45.3,28,8.899999999999977,63782.4,1268.4,1,1268.4,True,False,0,0,0.015,Low
298.1,307.7,1419,47.4,142,9.599999999999966,67260.59999999999,6730.8,2,6730.8,False,True,0,0,0.0,Low
301.8,310.2,1609,34.2,217,8.399999999999977,55027.8,7421.400000000001,2,7421.400000000001,False,True,0,0,0.075,Low
301.0,310.1,1681,27.4,212,9.100000000000025,46059.4,5808.799999999999,2,5808.799999999999,False,True,0,0,0.035,Low
300.4,311.7,1515,47.4,170,11.300000000000011,71811.0,8058.0,1,8058.0,True,False,0,0,0.0,Low
301.9,310.9,1799,24.2,54,9.0,43535.8,1306.8,1,1306.8,True,False,0,0,0.0,Low
300.4,311.8,1442,45.1,0,11.400000000000034,65034.2,0.0,2,0.0,False,True,0,0,0.015,Low
298.3,308.8,1454,49.0,166,10.5,71246.0,8134.0,1,8134.0,True,False,0,0,0.0,Low
297.6,307.1,1496,39.2,12,9.5,58643.2,470.4,1,470.4,True,False,0,0,0.0,Low
299.4,310.4,1509,40.6,175,11.0,61265.4,7105.0,1,7105.0,True,False,0,0,0.0,Low
301.8,311.0,1529,41.6,12,9.199999999999989,63606.4,499.2000000000001,1,499.2000000000001,True,False,0,0,0.0,Low
300.0,309.3,1932,21.8,135,9.300000000000011,42117.6,2943.0,2,2943.0,False,True,0,0,0.0,Low
298.8,309.6,1516,40.2,152,10.800000000000011,60943.2,6110.400000000001,0,6110.400000000001,False,False,0,0,0.0,Low
297.4,308.8,1353,49.4,188,11.400000000000034,66838.2,9287.2,1,9287.2,True,False,0,0,0.005,Low
302.3,311.0,1546,35.5,70,8.699999999999989,54883.0,2485.0,2,2485.0,False,True,0,0,0.0,Low
297.3,308.4,1434,44.8,21,11.099999999999966,64243.2,940.8,2,940.8,False,True,0,0,0.0,Low
302.5,310.4,1581,32.7,181,7.899999999999977,51698.7,5918.700000000001,2,5918.700000000001,False,True,0,0,0.0,Low
301.0,310.7,1497,37.6,116,9.699999999999989,56287.2,4361.6,2,4361.6,False,True,0,0,0.0,Low
297.3,308.7,1531,36.7,116,11.399999999999975,56187.7,4257.200000000001,1,4257.200000000001,True,False,0,0,0.0,Low
302.5,312.0,1447,45.7,210,9.5,66127.90000000001,9597.0,2,9597.0,False,True,0,0,0.075,Low
300.6,310.7,1654,32.0,180,10.099999999999966,52928.0,5760.0,2,5760.0,False,True,0,0,0.0,Low
300.5,309.7,1887,24.3,28,9.199999999999989,45854.1,680.4,1,680.4,True,False,0,0,0.0,Low
298.8,308.4,1737,27.7,130,9.599999999999966,48114.9,3601.0,1,3601.0,True,False,0,0,0.0,Low
297.2,308.0,1765,31.1,191,10.800000000000011,54891.5,5940.1,2,5940.1,False,True,0,0,0.0,Low
298.0,307.5,1618,35.2,31,9.5,56953.600000000006,1091.2,1,1091.2,True,False,0,0,0.0,Low
297.2,308.4,1378,41.9,97,11.199999999999989,57738.2,4064.3,2,4064.3,False,True,0,0,0.0,Low
297.6,308.4,1398,41.9,215,10.799999999999956,58576.2,9008.5,2,9008.5,False,True,0,0,0.1,Low
301.8,310.7,1309,43.3,68,8.899999999999977,56679.7,2944.4,2,2944.4,False,True,0,0,0.035,Low
303.5,311.6,1573,34.0,134,8.100000000000023,53482.0,4556.0,2,4556.0,False,True,0,0,0.0,Low
299.3,309.0,1508,35.0,70,9.699999999999989,52780.0,2450.0,0,2450.0,False,False,0,0,0.0,Low
301.1,312.3,1595,31.9,134,11.199999999999989,50880.5,4274.599999999999,1,4274.599999999999,True,False,0,0,0.0,Low
299.3,309.0,1420,41.6,155,9.699999999999989,59072.0,6448.0,2,6448.0,False,True,0,0,0.0,Low
302.0,311.2,1420,45.8,192,9.199999999999989,65035.99999999999,8793.599999999999,1,8793.599999999999,True,False,0,0,0.025,Low
297.6,309.5,1617,36.2,42,11.899999999999975,58535.4,1520.4,1,1520.4,True,False,0,0,0.0,Low
303.9,313.0,1475,41.0,11,9.100000000000025,60475.0,451.0,2,451.0,False,True,0,0,0.0,Low
300.1,309.2,1421,42.5,61,9.099999999999966,60392.5,2592.5,1,2592.5,True,False,0,0,0.0,Low
299.4,309.3,1534,37.5,39,9.900000000000034,57525.0,1462.5,0,1462.5,False,False,0,0,0.0,Low
300.9,310.7,1427,44.1,141,9.800000000000011,62930.7,6218.1,1,6218.1,True,False,0,0,0.0,Low
302.2,310.6,1462,43.6,0,8.400000000000034,63743.2,0.0,1,0.0,True,False,0,0,0.005,Low
299.3,310.6,1443,45.7,97,11.300000000000011,65945.1,4432.900000000001,1,4432.900000000001,True,False,0,0,0.0,Low
299.1,308.9,1397,52.4,112,9.799999999999956,73202.8,5868.8,2,5868.8,False,True,0,0,0.0,Low
299.6,309.2,1651,30.8,92,9.599999999999966,50850.8,2833.6,2,2833.6,False,True,0,0,0.0,Low
300.1,309.6,1760,25.4,55,9.5,44704.0,1397.0,1,1397.0,True,False,0,0,0.0,Low
302.4,311.2,1330,58.6,201,8.800000000000011,77938.0,11778.6,2,11778.6,False,True,0,0,0.22,Low
300.2,311.4,1570,35.3,138,11.199999999999989,55420.99999999999,4871.4,2,4871.4,False,True,0,0,0.0,Low
299.1,310.3,1459,46.7,84,11.199999999999989,68135.3,3922.8,1,3922.8,True,False,0,0,0.0,Low
299.4,310.7,1426,45.7,213,11.300000000000011,65168.2,9734.1,1,9734.1,True,False,0,0,0.165,Low
299.9,310.4,1820,26.6,175,10.5,48412.0,4655.0,2,4655.0,False,True,0,0,0.02,Low
300.4,312.0,1596,30.4,191,11.600000000000025,48518.4,5806.4,2,5806.4,False,True,0,0,0.005,Low
296.7,308.1,1450,40.9,195,11.400000000000034,59305.0,7975.5,1,7975.5,True,False,0,0,0.005,Low
300.6,312.1,1354,46.9,138,11.5,63502.6,6472.2,0,6472.2,False,False,0,0,0.0,Low
299.9,309.6,1462,51.0,119,9.700000000000044,74562.0,6069.0,0,6069.0,False,False,0,0,0.005,Low
297.9,309.1,1338,49.6,56,11.200000000000044,66364.8,2777.6,2,2777.6,False,True,0,0,0.0,Low
297.7,308.1,1734,30.7,177,10.400000000000034,53233.8,5433.9,1,5433.9,True,False,0,0,0.0,Low
297.8,309.9,1351,49.0,181,12.099999999999966,66199.0,8869.0,1,8869.0,True,False,0,0,0.01,Low
298.3,309.6,1420,44.1,197,11.300000000000011,62622.0,8687.7,1,8687.7,True,False,0,0,0.005,Low
296.3,307.3,1368,49.5,10,11.0,67716.0,495.0,2,495.0,False,True,0,0,0.0,Low
300.1,309.5,1450,40.1,100,9.399999999999975,58145.0,4010.0,1,4010.0,True,False,0,0,0.0,Low
298.0,307.5,1427,45.1,95,9.5,64357.7,4284.5,2,4284.5,False,True,0,0,0.0,Low
299.9,309.2,1560,38.9,180,9.300000000000011,60684.0,7002.0,1,7002.0,True,False,0,0,0.0,Low
298.3,309.1,1904,20.3,140,10.800000000000011,38651.2,2842.0,1,2842.0,True,False,0,0,0.0,Low
300.0,310.5,1412,52.4,142,10.5,73988.8,7440.8,1,7440.8,True,False,0,0,0.0,Low
302.4,310.3,1378,54.3,165,7.900000000000034,74825.4,8959.5,2,8959.5,False,True,1,1,0.75,High
297.8,307.8,1396,42.5,23,10.0,59330.0,977.5,1,977.5,True,False,0,0,0.0,Low
301.5,309.8,1549,38.5,81,8.300000000000011,59636.5,3118.5,1,3118.5,True,False,0,0,0.0,Low
300.5,310.5,2633,12.2,17,10.0,32122.6,207.4,1,207.4,True,False,1,1,0.975,Critical
302.3,312.0,1398,43.3,171,9.699999999999989,60533.4,7404.299999999999,1,7404.299999999999,True,False,0,0,0.0,Low
299.7,310.2,1440,42.8,30,10.5,61631.99999999999,1284.0,2,1284.0,False,True,0,0,0.0,Low
297.3,308.2,1396,52.7,212,10.899999999999975,73569.2,11172.4,1,11172.4,True,False,1,1,0.86,High
300.5,309.6,1390,48.4,194,9.100000000000025,67276.0,9389.6,1,9389.6,True,False,0,0,0.015,Low
297.3,308.2,1896,24.4,47,10.899999999999975,46262.4,1146.8,1,1146.8,True,False,0,0,0.0,Low
302.8,310.6,1470,41.1,205,7.800000000000011,60417.0,8425.5,1,8425.5,True,False,0,0,0.11,Low
301.2,310.7,1527,41.1,53,9.5,62759.7,2178.3,2,2178.3,False,True,0,0,0.0,Low
298.9,309.8,1836,22.8,18,10.900000000000034,41860.8,410.4,2,410.4,False,True,0,0,0.0,Low
302.6,310.5,1542,39.9,184,7.899999999999977,61525.8,7341.599999999999,2,7341.599999999999,False,True,0,0,0.0,Low
300.2,311.8,1748,28.5,184,11.600000000000025,49818.0,5244.0,2,5244.0,False,True,0,0,0.0,Low
298.3,308.3,1379,48.0,181,10.0,66192.0,8688.0,2,8688.0,False,True,0,0,0.005,Low
301.1,310.8,1521,41.0,99,9.699999999999989,62361.0,4059.0,1,4059.0,True,False,0,0,0.0,Low
296.6,307.6,1671,28.8,108,11.0,48124.8,3110.4,1,3110.4,True,False,0,0,0.0,Low
303.0,311.0,1359,44.2,115,8.0,60067.8,5083.0,1,5083.0,True,False,1,1,0.705,High
296.4,307.5,1403,52.8,94,11.100000000000025,74078.4,4963.2,0,4963.2,False,False,0,0,0.0,Low
300.0,310.5,1606,33.5,135,10.5,53801.0,4522.5,1,4522.5,True,False,0,0,0.0,Low
298.8,310.6,1803,25.4,209,11.800000000000011,45796.2,5308.599999999999,1,5308.599999999999,True,False,0,0,0.06,Low
298.4,307.8,1617,31.6,173,9.400000000000034,51097.2,5466.8,2,5466.8,False,True,0,0,0.0,Low
300.3,311.3,1506,40.7,98,11.0,61294.2,3988.6,2,3988.6,False,True,0,0,0.0,Low
298.3,309.3,1376,57.0,198,11.0,78432.0,11286.0,2,11286.0,False,True,0,0,0.065,Low
298.9,309.2,1379,50.7,106,10.300000000000011,69915.3,5374.200000000001,0,5374.200000000001,False,False,0,0,0.0,Low
302.4,310.1,1379,48.9,107,7.700000000000045,67433.09999999999,5232.3,2,5232.3,False,True,1,1,0.8,High
301.1,309.6,1501,36.1,156,8.5,54186.1,5631.6,1,5631.6,True,False,0,0,0.0,Low
301.7,310.7,1532,39.8,92,9.0,60973.6,3661.6,1,3661.6,True,False,0,0,0.0,Low
299.6,310.6,1633,34.2,151,11.0,55848.600000000006,5164.200000000001,2,5164.200000000001,False,True,0,0,0.0,Low
300.3,311.7,1989,22.3,121,11.399999999999975,44354.7,2698.3,1,2698.3,True,False,0,0,0.0,Low
297.7,309.0,1636,29.7,32,11.300000000000011,48589.2,950.4,2,950.4,False,True,0,0,0.0,Low
303.9,312.7,1789,24.4,163,8.800000000000011,43651.6,3977.2,1,3977.2,True,False,0,0,0.0,Low
302.4,310.2,1400,53.7,175,7.800000000000011,75180.0,9397.5,1,9397.5,True,False,0,0,0.04,Low
297.0,307.9,1595,31.7,170,10.899999999999975,50561.5,5389.0,1,5389.0,True,False,0,0,0.0,Low
300.4,309.7,1685,32.3,167,9.300000000000011,54425.49999999999,5394.099999999999,2,5394.099999999999,False,True,0,0,0.01,Low
302.0,310.4,1567,36.4,114,8.399999999999977,57038.8,4149.599999999999,2,4149.599999999999,False,True,0,0,0.0,Low
302.3,311.7,1510,38.7,141,9.399999999999975,58437.00000000001,5456.700000000001,1,5456.700000000001,True,False,0,0,0.0,Low
299.9,309.6,1489,41.7,56,9.700000000000044,62091.3,2335.2000000000003,2,2335.2000000000003,False,True,0,0,0.0,Low
299.1,309.9,1586,36.6,215,10.799999999999956,58047.600000000006,7869.0,1,7869.0,True,False,0,0,0.115,Low
300.2,310.2,1429,43.8,54,10.0,62590.2,2365.2,2,2365.2,False,True,0,0,0.0,Low
298.5,309.0,1741,28.0,21,10.5,48748.0,588.0,2,588.0,False,True,0,0,0.0,Low
302.0,310.6,1392,60.5,10,8.600000000000023,84216.0,605.0,2,605.0,False,True,0,0,0.065,Low
303.4,312.8,1622,35.1,107,9.400000000000034,56932.2,3755.7,2,3755.7,False,True,0,0,0.0,Low
301.4,310.5,1563,39.9,83,9.100000000000025,62363.7,3311.7,2,3311.7,False,True,0,0,0.0,Low
301.4,310.4,1436,49.7,108,9.0,71369.2,5367.6,1,5367.6,True,False,0,0,0.0,Low
298.1,307.8,1413,54.1,113,9.699999999999989,76443.3,6113.3,1,6113.3,True,False,0,0,0.0,Low
301.5,310.8,1474,38.7,58,9.300000000000011,57043.8,2244.6000000000004,0,2244.6000000000004,False,False,0,0,0.0,Low
299.2,310.5,1705,29.5,95,11.300000000000011,50297.5,2802.5,1,2802.5,True,False,0,0,0.0,Low
300.2,309.8,1557,33.8,19,9.600000000000025,52626.6,642.1999999999999,1,642.1999999999999,True,False,0,0,0.0,Low
296.2,307.3,1451,42.8,11,11.100000000000025,62102.8,470.8,2,470.8,False,True,0,0,0.0,Low
301.5,310.6,1638,31.9,137,9.100000000000025,52252.2,4370.3,2,4370.3,False,True,0,0,0.0,Low
301.7,311.3,1584,38.8,132,9.600000000000025,61459.2,5121.599999999999,1,5121.599999999999,True,False,0,0,0.0,Low
302.2,310.6,1355,51.5,126,8.400000000000034,69782.5,6489.0,2,6489.0,False,True,1,1,0.915,Critical
297.1,307.8,1443,43.9,137,10.699999999999989,63347.7,6014.3,2,6014.3,False,True,0,0,0.0,Low
300.4,311.5,1750,27.3,116,11.100000000000025,47775.0,3166.8,2,3166.8,False,True,0,0,0.0,Low
298.2,308.2,1478,50.1,166,10.0,74047.8,8316.6,1,8316.6,True,False,0,0,0.0,Low
302.4,311.0,2211,15.4,203,8.600000000000023,34049.4,3126.2000000000003,1,3126.2000000000003,True,False,0,0,0.04,Low
300.7,310.8,1486,41.2,71,10.100000000000025,61223.2,2925.2000000000003,2,2925.2000000000003,False,True,0,0,0.0,Low
301.4,310.5,1536,39.9,201,9.100000000000025,61286.4,8019.9,0,8019.9,False,False,0,0,0.0,Low
297.4,308.4,1343,40.0,61,11.0,53720.0,2440.0,1,2440.0,True,False,0,0,0.0,Low
296.6,307.5,1439,45.5,199,10.899999999999975,65474.5,9054.5,1,9054.5,True,False,0,0,0.0,Low
302.2,311.8,1618,36.0,158,9.600000000000025,58248.0,5688.0,1,5688.0,True,False,0,0,0.0,Low
297.9,307.5,1602,38.3,21,9.600000000000025,61356.6,804.3,1,804.3,True,False,0,0,0.0,Low
304.4,313.6,1569,38.4,11,9.200000000000044,60249.6,422.4,1,422.4,True,False,0,0,0.0,Low
299.7,309.2,1691,27.7,203,9.5,46840.7,5623.099999999999,0,5623.099999999999,False,False,0,0,0.095,Low
299.3,309.1,1531,37.9,127,9.800000000000011,58024.9,4813.3,1,4813.3,True,False,0,0,0.0,Low
299.5,309.3,1523,41.5,181,9.800000000000011,63204.5,7511.5,1,7511.5,True,False,0,0,0.0,Low
299.8,309.6,1346,53.2,95,9.800000000000011,71607.2,5054.0,2,5054.0,False,True,0,0,0.0,Low
296.3,307.1,1419,48.6,142,10.800000000000011,68963.40000000001,6901.2,1,6901.2,True,False,0,0,0.0,Low
299.4,309.2,1552,37.4,37,9.800000000000011,58044.8,1383.8,1,1383.8,True,False,0,0,0.0,Low
299.0,310.3,1635,34.5,168,11.300000000000011,56407.5,5796.0,2,5796.0,False,True,0,0,0.0,Low
302.3,311.0,1578,33.5,158,8.699999999999989,52863.0,5293.0,2,5293.0,False,True,0,0,0.0,Low
300.0,309.9,1507,41.4,74,9.899999999999975,62389.8,3063.6,1,3063.6,True,False,0,0,0.0,Low
299.2,308.5,1515,39.8,141,9.300000000000011,60296.99999999999,5611.799999999999,1,5611.799999999999,True,False,0,0,0.0,Low
300.5,311.9,1432,43.1,16,11.399999999999975,61719.2,689.6,1,689.6,True,False,0,0,0.0,Low
304.3,313.4,1482,43.8,41,9.099999999999966,64911.6,1795.8,2,1795.8,False,True,0,0,0.0,Low
297.6,308.3,1467,36.7,68,10.699999999999989,53838.9,2495.6000000000004,2,2495.6000000000004,False,True,0,0,0.0,Low
300.4,311.4,1309,55.5,71,11.0,72649.5,3940.5,1,3940.5,True,False,0,0,0.0,Low
301.2,309.9,1984,19.7,169,8.699999999999989,39084.8,3329.3,1,3329.3,True,False,0,0,0.0,Low
303.8,312.8,1443,40.7,145,9.0,58730.100000000006,5901.5,1,5901.5,True,False,0,0,0.0,Low
303.6,312.3,2168,17.7,219,8.699999999999989,38373.6,3876.3,1,3876.3,True,False,0,0,0.02,Low
300.1,311.4,1518,46.9,87,11.299999999999956,71194.2,4080.3,0,4080.3,False,False,0,0,0.0,Low
303.9,313.0,1620,36.6,80,9.100000000000025,59292.0,2928.0,2,2928.0,False,True,0,0,0.0,Low
299.0,308.6,1429,37.7,126,9.600000000000025,53873.3,4750.200000000001,1,4750.200000000001,True,False,0,0,0.005,Low
302.6,311.8,1627,31.8,23,9.199999999999989,51738.6,731.4,1,731.4,True,False,0,0,0.0,Low
300.0,309.5,1425,40.8,178,9.5,58139.99999999999,7262.4,2,7262.4,False,True,0,0,0.0,Low
297.4,309.1,1478,49.8,150,11.700000000000044,73604.4,7470.0,1,7470.0,True,False,0,0,0.0,Low
300.0,310.4,1505,44.9,133,10.399999999999975,67574.5,5971.7,1,5971.7,True,False,0,0,0.0,Low
300.8,310.4,1288,64.0,3,9.599999999999966,82432.0,192.0,2,192.0,False,True,0,0,0.065,Low
300.6,310.2,1478,40.1,5,9.599999999999966,59267.8,200.5,2,200.5,False,True,0,0,0.0,Low
301.1,310.2,1496,43.4,54,9.099999999999966,64926.4,2343.6,1,2343.6,True,False,0,0,0.0,Low
300.0,310.1,1714,28.7,55,10.100000000000025,49191.8,1578.5,0,1578.5,False,False,0,0,0.0,Low
297.9,307.7,1618,35.9,92,9.800000000000011,58086.2,3302.8,0,3302.8,False,False,0,0,0.0,Low
298.5,309.7,1523,44.6,83,11.199999999999989,67925.8,3701.8,2,3701.8,False,True,0,0,0.0,Low
296.7,307.9,1874,21.3,130,11.199999999999989,39916.2,2769.0,2,2769.0,False,True,0,0,0.0,Low
303.8,312.6,1577,41.3,134,8.800000000000011,65130.1,5534.2,1,5534.2,True,False,0,0,0.0,Low
300.2,309.8,1487,39.2,122,9.600000000000025,58290.4,4782.400000000001,2,4782.400000000001,False,True,0,0,0.0,Low
298.9,310.4,1739,26.3,30,11.5,45735.7,789.0,1,789.0,True,False,0,0,0.0,Low
296.2,307.1,1444,46.7,194,10.900000000000034,67434.8,9059.8,1,9059.8,True,False,0,0,0.0,Low
297.3,308.7,1492,43.6,189,11.399999999999975,65051.2,8240.4,1,8240.4,True,False,0,0,0.0,Low
298.6,309.4,1774,27.5,154,10.799999999999956,48785.0,4235.0,2,4235.0,False,True,0,0,0.0,Low
302.6,312.1,1499,35.0,215,9.5,52465.0,7525.0,1,7525.0,True,False,0,0,0.125,Low
295.6,306.2,1612,31.2,131,10.599999999999966,50294.4,4087.2,1,4087.2,True,False,0,0,0.0,Low
299.6,311.0,1554,36.3,62,11.399999999999975,56410.2,2250.6,1,2250.6,True,False,0,0,0.0,Low
300.0,309.3,1364,41.2,104,9.300000000000011,56196.8,4284.8,1,4284.8,True,False,0,0,0.0,Low
298.9,310.1,1394,42.7,179,11.200000000000044,59523.8,7643.3,1,7643.3,True,False,0,0,0.0,Low
300.2,311.5,1500,40.8,17,11.300000000000011,61199.99999999999,693.5999999999999,1,693.5999999999999,True,False,0,0,0.0,Low
302.4,311.9,1313,55.7,102,9.5,73134.1,5681.400000000001,2,5681.400000000001,False,True,0,0,0.065,Low
297.5,308.5,1446,41.9,32,11.0,60587.4,1340.8,1,1340.8,True,False,0,0,0.0,Low
303.7,312.6,1396,44.1,136,8.900000000000034,61563.6,5997.6,1,5997.6,True,False,0,0,0.0,Low
298.1,308.6,1354,53.9,207,10.5,72980.59999999999,11157.3,1,11157.3,True,False,1,1,0.94,Critical
300.5,309.6,1760,30.6,213,9.100000000000025,53856.0,6517.8,1,6517.8,True,False,0,0,0.035,Low
301.4,310.6,1550,36.8,159,9.200000000000044,57039.99999999999,5851.2,1,5851.2,True,False,0,0,0.0,Low
302.4,311.0,1475,47.9,79,8.600000000000023,70652.5,3784.1,1,3784.1,True,False,0,0,0.015,Low
299.5,310.0,1594,35.1,54,10.5,55949.4,1895.4,1,1895.4,True,False,0,0,0.0,Low
300.8,312.0,1477,37.3,164,11.199999999999989,55092.1,6117.2,1,6117.2,True,False,0,0,0.0,Low
303.7,312.4,1474,38.8,139,8.699999999999989,57191.2,5393.2,2,5393.2,False,True,0,0,0.0,Low
301.7,311.2,1521,36.7,130,9.5,55820.7,4771.0,1,4771.0,True,False,0,0,0.0,Low
300.6,310.7,1440,52.5,200,10.099999999999966,75600.0,10500.0,1,10500.0,True,False,0,0,0.025,Low
303.4,311.6,1564,41.9,137,8.200000000000045,65531.6,5740.3,1,5740.3,True,False,0,0,0.005,Low
297.2,308.6,1366,50.4,74,11.400000000000034,68846.4,3729.6,1,3729.6,True,False,0,0,0.0,Low
300.0,311.5,1601,36.9,35,11.5,59076.9,1291.5,1,1291.5,True,False,0,0,0.0,Low
302.3,311.5,1316,47.2,4,9.199999999999989,62115.2,188.8,2,188.8,False,True,0,0,0.02,Low
298.0,307.9,1417,51.0,137,9.899999999999975,72267.0,6987.0,2,6987.0,False,True,0,0,0.0,Low
302.0,310.5,1823,25.1,87,8.5,45757.3,2183.7000000000003,2,2183.7000000000003,False,True,0,0,0.0,Low
299.0,310.1,1432,50.0,45,11.100000000000025,71600.0,2250.0,0,2250.0,False,False,0,0,0.005,Low
298.3,307.7,1602,33.4,106,9.399999999999975,53506.8,3540.4,2,3540.4,False,True,0,0,0.0,Low
297.1,307.9,1609,38.9,166,10.799999999999956,62590.1,6457.4,2,6457.4,False,True,0,0,0.0,Low
301.0,311.6,1440,43.3,131,10.600000000000025,62351.99999999999,5672.299999999999,1,5672.299999999999,True,False,0,0,0.0,Low
303.8,313.0,1789,23.5,215,9.199999999999989,42041.5,5052.5,2,5052.5,False,True,0,0,0.03,Low
301.3,310.6,1436,44.2,76,9.300000000000011,63471.2,3359.2000000000003,1,3359.2000000000003,True,False,0,0,0.0,Low
302.4,310.6,1445,40.3,162,8.200000000000045,58233.49999999999,6528.599999999999,1,6528.599999999999,True,False,0,0,0.005,Low
298.2,308.7,1408,40.0,9,10.5,56320.0,360.0,1,360.0,True,False,0,0,0.0,Low
300.7,310.3,1369,50.7,12,9.600000000000025,69408.3,608.4000000000001,0,608.4000000000001,False,False,0,0,0.005,Low
300.8,310.8,1415,44.5,87,10.0,62967.5,3871.5,2,3871.5,False,True,0,0,0.0,Low
299.1,310.1,1416,41.2,185,11.0,58339.2,7622.000000000001,1,7622.000000000001,True,False,0,0,0.005,Low
302.3,311.0,1526,37.7,171,8.699999999999989,57530.2,6446.700000000001,2,6446.700000000001,False,True,0,0,0.0,Low
300.1,310.1,1569,43.5,17,10.0,68251.5,739.5,1,739.5,True,False,0,0,0.0,Low
299.3,309.1,1376,46.7,49,9.800000000000011,64259.2,2288.3,2,2288.3,False,True,0,0,0.0,Low
299.8,310.4,1698,28.3,103,10.599999999999966,48053.4,2914.9,1,2914.9,True,False,0,0,0.0,Low
298.4,308.1,1598,32.7,94,9.700000000000044,52254.600000000006,3073.8,1,3073.8,True,False,0,0,0.0,Low
300.4,309.7,1679,30.1,136,9.300000000000011,50537.9,4093.6,1,4093.6,True,False,0,0,0.0,Low
298.8,309.8,1461,39.4,141,11.0,57563.4,5555.4,1,5555.4,True,False,0,0,0.0,Low
301.4,310.7,1368,63.7,92,9.300000000000011,87141.6,5860.400000000001,2,5860.400000000001,False,True,1,1,0.785,High
298.0,308.2,1348,58.8,202,10.199999999999989,79262.4,11877.6,1,11877.6,True,False,1,1,0.88,High
300.2,309.7,1771,27.1,104,9.5,47994.100000000006,2818.4,1,2818.4,True,False,0,0,0.0,Low
297.0,307.8,1683,32.3,197,10.800000000000011,54360.9,6363.099999999999,1,6363.099999999999,True,False,0,0,0.005,Low
299.5,309.3,1382,61.0,140,9.800000000000011,84302.0,8540.0,1,8540.0,True,False,0,0,0.045,Low
302.7,312.2,1447,47.5,166,9.5,68732.5,7885.0,1,7885.0,True,False,0,0,0.0,Low
298.6,310.1,1444,48.1,39,11.5,69456.40000000001,1875.9,2,1875.9,False,True,0,0,0.015,Low
300.6,310.0,1478,36.3,95,9.399999999999975,53651.4,3448.4999999999995,2,3448.4999999999995,False,True,0,0,0.0,Low
299.4,309.1,1461,48.6,70,9.700000000000044,71004.6,3402.0,2,3402.0,False,True,0,0,0.0,Low
299.3,309.3,1325,62.0,47,10.0,82150.0,2914.0,1,2914.0,True,False,0,0,0.02,Low
300.2,310.2,1628,30.3,27,10.0,49328.4,818.1,2,818.1,False,True,0,0,0.0,Low
301.9,311.1,1448,46.3,14,9.200000000000044,67042.4,648.1999999999999,1,648.1999999999999,True,False,0,0,0.005,Low
303.4,311.7,1295,51.3,51,8.300000000000011,66433.5,2616.3,1,2616.3,True,False,1,1,0.93,Critical
300.6,310.8,1533,38.5,117,10.199999999999989,59020.5,4504.5,1,4504.5,True,False,0,0,0.0,Low
300.9,310.4,1544,36.0,148,9.5,55584.0,5328.0,1,5328.0,True,False,0,0,0.0,Low
300.2,309.5,1417,41.1,129,9.300000000000011,58238.7,5301.900000000001,1,5301.900000000001,True,False,0,0,0.0,Low
298.2,308.8,1354,60.9,32,10.600000000000025,82458.59999999999,1948.8,1,1948.8,True,False,0,0,0.025,Low
300.1,309.6,1622,36.1,43,9.5,58554.2,1552.3,2,1552.3,False,True,0,0,0.0,Low
298.2,309.7,1585,37.4,118,11.5,59279.0,4413.2,1,4413.2,True,False,0,0,0.0,Low
299.3,308.6,1437,48.1,67,9.300000000000011,69119.7,3222.7000000000003,1,3222.7000000000003,True,False,0,0,0.0,Low
298.0,307.7,1487,41.3,160,9.699999999999989,61413.1,6608.0,2,6608.0,False,True,0,0,0.0,Low
303.6,312.3,1616,29.3,226,8.699999999999989,47348.8,6621.8,1,6621.8,True,False,0,0,0.085,Low
297.6,308.4,1353,57.5,88,10.799999999999956,77797.5,5060.0,1,5060.0,True,False,0,0,0.0,Low
299.3,309.1,1600,35.3,52,9.800000000000011,56479.99999999999,1835.6,2,1835.6,False,True,0,0,0.0,Low
303.4,312.8,1526,30.8,37,9.400000000000034,47000.8,1139.6,2,1139.6,False,True,0,0,0.0,Low
301.7,309.9,1457,39.2,192,8.199999999999989,57114.4,7526.400000000001,2,7526.400000000001,False,True,0,0,0.015,Low
302.8,312.3,1504,40.3,204,9.5,60611.2,8221.199999999999,1,8221.199999999999,True,False,0,0,0.03,Low
300.4,309.8,1549,38.9,150,9.400000000000034,60256.1,5835.0,1,5835.0,True,False,0,0,0.0,Low
300.7,312.4,1470,38.6,56,11.699999999999989,56742.0,2161.6,1,2161.6,True,False,0,0,0.0,Low
302.0,310.4,1608,33.1,97,8.399999999999977,53224.8,3210.7000000000003,2,3210.7000000000003,False,True,0,0,0.0,Low
298.5,310.1,1809,28.9,20,11.600000000000025,52280.1,578.0,1,578.0,True,False,0,0,0.0,Low
299.4,310.8,1585,31.4,149,11.400000000000034,49769.0,4678.599999999999,0,4678.599999999999,False,False,0,0,0.0,Low
298.5,310.2,1676,32.7,18,11.699999999999989,54805.2,588.6,1,588.6,True,False,0,0,0.0,Low
298.4,309.2,1692,29.8,137,10.800000000000011,50421.6,4082.6,1,4082.6,True,False,0,0,0.0,Low
301.5,310.5,1927,22.4,149,9.0,43164.8,3337.6,1,3337.6,True,False,0,0,0.0,Low
302.9,312.3,1417,48.7,26,9.400000000000034,69007.90000000001,1266.2,0,1266.2,False,False,0,0,0.0,Low
299.2,310.4,1472,43.3,32,11.199999999999989,63737.6,1385.6,1,1385.6,True,False,0,0,0.0,Low
301.8,311.2,1822,26.2,204,9.399999999999975,47736.4,5344.8,1,5344.8,True,False,0,0,0.005,Low
298.1,308.2,1654,32.1,25,10.099999999999966,53093.4,802.5,1,802.5,True,False,0,0,0.0,Low
300.9,311.2,1353,60.4,139,10.300000000000011,81721.2,8395.6,1,8395.6,True,False,0,0,0.03,Low
300.6,309.4,1432,44.2,84,8.799999999999955,63294.4,3712.8,2,3712.8,False,True,0,0,0.0,Low
298.2,309.0,1601,35.8,43,10.800000000000011,57315.8,1539.4,1,1539.4,True,False,0,0,0.0,Low
301.6,310.6,1431,37.5,137,9.0,53662.5,5137.5,1,5137.5,True,False,0,0,0.0,Low
300.3,310.2,1492,52.3,2,9.899999999999975,78031.59999999999,104.6,1,104.6,True,False,0,0,0.0,Low
302.7,310.8,1275,55.0,25,8.100000000000023,70125.0,1375.0,0,1375.0,False,False,1,1,0.875,High
302.9,311.1,1926,21.8,58,8.200000000000045,41986.8,1264.4,2,1264.4,False,True,0,0,0.0,Low
297.4,308.8,1473,46.2,167,11.400000000000034,68052.6,7715.400000000001,1,7715.400000000001,True,False,0,0,0.0,Low
297.4,308.3,1502,43.6,169,10.900000000000034,65487.2,7368.400000000001,0,7368.400000000001,False,False,0,0,0.0,Low
301.0,310.5,1317,50.9,75,9.5,67035.3,3817.5,1,3817.5,True,False,0,0,0.005,Low
303.1,311.2,1452,52.9,11,8.099999999999966,76810.8,581.9,1,581.9,True,False,0,0,0.005,Low
298.3,309.3,1337,56.1,206,11.0,75005.7,11556.6,1,11556.6,True,False,1,1,0.945,Critical
298.8,309.6,1903,22.3,145,10.800000000000011,42436.9,3233.5,1,3233.5,True,False,0,0,0.0,Low
302.2,311.1,1728,34.0,179,8.900000000000034,58752.0,6086.0,2,6086.0,False,True,0,0,0.0,Low
303.7,312.7,1572,37.2,192,9.0,58478.4,7142.400000000001,1,7142.400000000001,True,False,0,0,0.005,Low
297.3,308.6,1297,45.9,184,11.300000000000011,59532.3,8445.6,1,8445.6,True,False,0,0,0.015,Low
302.1,311.5,1444,44.9,97,9.399999999999975,64835.6,4355.3,1,4355.3,True,False,0,0,0.0,Low
297.5,309.5,1668,27.9,240,12.0,46537.2,6696.0,0,6696.0,False,False,0,0,0.15,Low
297.6,309.0,1354,55.6,46,11.399999999999975,75282.40000000001,2557.6,0,2557.6,False,False,0,0,0.005,Low
298.5,309.4,1417,41.2,155,10.899999999999975,58380.4,6386.0,0,6386.0,False,False,0,0,0.0,Low
302.8,311.1,1550,32.3,76,8.300000000000011,50064.99999999999,2454.8,1,2454.8,True,False,0,0,0.0,Low
301.1,310.1,1564,36.8,7,9.0,57555.2,257.6,1,257.6,True,False,0,0,0.0,Low
300.6,312.3,1532,37.2,54,11.699999999999989,56990.4,2008.8,1,2008.8,True,False,0,0,0.0,Low
296.3,307.4,1472,39.9,51,11.099999999999966,58732.8,2034.9,1,2034.9,True,False,0,0,0.0,Low
298.9,309.7,1407,41.9,207,10.800000000000011,58953.3,8673.3,1,8673.3,True,False,0,0,0.08,Low
301.7,310.1,1462,38.3,49,8.400000000000034,55994.6,1876.7,0,1876.7,False,False,0,0,0.0,Low
297.7,309.2,1391,44.5,159,11.5,61899.5,7075.5,1,7075.5,True,False,0,0,0.0,Low
300.8,310.6,1402,53.7,93,9.800000000000011,75287.40000000001,4994.1,1,4994.1,True,False,0,0,0.0,Low
298.4,308.2,1604,34.9,11,9.800000000000011,55979.6,383.9,1,383.9,True,False,0,0,0.0,Low
303.3,311.3,1409,51.8,16,8.0,72986.2,828.8,1,828.8,True,False,0,0,0.01,Low
296.0,306.6,1392,51.3,124,10.600000000000025,71409.59999999999,6361.2,2,6361.2,False,True,0,0,0.0,Low
299.7,309.1,1475,40.0,123,9.400000000000034,59000.0,4920.0,1,4920.0,True,False,0,0,0.0,Low
302.4,310.2,1485,45.9,50,7.800000000000011,68161.5,2295.0,2,2295.0,False,True,0,0,0.015,Low
297.4,309.4,1296,52.3,96,12.0,67780.8,5020.799999999999,1,5020.799999999999,True,False,0,0,0.0,Low
299.8,310.8,1463,43.5,156,11.0,63640.5,6786.0,2,6786.0,False,True,0,0,0.0,Low
300.8,310.5,1434,44.5,89,9.699999999999989,63813.0,3960.5,1,3960.5,True,False,0,0,0.0,Low
302.3,310.2,1443,54.6,120,7.899999999999977,78787.8,6552.0,0,6552.0,False,False,0,0,0.03,Low
300.3,311.5,1663,33.6,38,11.199999999999989,55876.8,1276.8,1,1276.8,True,False,0,0,0.005,Low
300.2,309.1,1479,47.0,22,8.900000000000034,69513.0,1034.0,1,1034.0,True,False,0,0,0.005,Low
300.3,311.6,1560,37.7,107,11.300000000000011,58812.00000000001,4033.9,1,4033.9,True,False,0,0,0.0,Low
299.4,310.8,1622,33.6,217,11.400000000000034,54499.2,7291.200000000001,1,7291.200000000001,True,False,0,0,0.085,Low
301.8,311.2,1417,55.9,156,9.399999999999975,79210.3,8720.4,1,8720.4,True,False,0,0,0.015,Low
303.5,311.9,1565,38.9,12,8.399999999999977,60878.5,466.8,1,466.8,True,False,0,0,0.005,Low
298.8,310.1,1567,36.8,197,11.300000000000011,57665.6,7249.599999999999,0,7249.599999999999,False,False,0,0,0.0,Low
300.3,309.6,1593,38.1,140,9.300000000000011,60693.3,5334.0,1,5334.0,True,False,0,0,0.0,Low
300.9,310.4,1445,41.7,180,9.5,60256.50000000001,7506.000000000001,1,7506.000000000001,True,False,0,0,0.0,Low
302.9,312.4,2030,19.1,192,9.5,38773.0,3667.2,1,3667.2,True,False,0,0,0.0,Low
298.6,309.4,1375,55.4,145,10.799999999999956,76175.0,8033.0,1,8033.0,True,False,0,0,0.0,Low
298.2,307.8,1575,35.0,137,9.600000000000025,55125.0,4795.0,1,4795.0,True,False,0,0,0.0,Low
299.1,308.5,1647,35.0,74,9.399999999999975,57645.0,2590.0,1,2590.0,True,False,0,0,0.0,Low
302.7,310.5,1398,47.3,70,7.800000000000011,66125.4,3311.0,2,3311.0,False,True,0,0,0.055,Low
302.8,310.6,1670,29.1,2,7.800000000000011,48597.0,58.2,1,58.2,True,False,0,0,0.01,Low
300.6,310.5,1470,37.7,98,9.899999999999975,55419.00000000001,3694.6,1,3694.6,True,False,0,0,0.0,Low
303.4,311.6,1449,41.7,132,8.200000000000045,60423.3,5504.400000000001,1,5504.400000000001,True,False,0,0,0.005,Low
295.4,305.9,1518,40.6,178,10.5,61630.8,7226.8,2,7226.8,False,True,0,0,0.005,Low
300.6,310.4,1407,51.1,157,9.799999999999956,71897.7,8022.7,2,8022.7,False,True,0,0,0.0,Low
300.9,309.9,1465,42.9,209,9.0,62848.5,8966.1,2,8966.1,False,True,0,0,0.0,Low
302.4,311.3,1312,61.5,85,8.900000000000034,80688.0,5227.5,2,5227.5,False,True,0,0,0.09,Low
297.6,308.7,1476,39.0,44,11.099999999999966,57564.0,1716.0,1,1716.0,True,False,0,0,0.0,Low
300.5,312.0,1461,38.1,39,11.5,55664.1,1485.9,1,1485.9,True,False,0,0,0.0,Low
301.5,310.6,1522,41.0,114,9.100000000000025,62402.0,4674.0,1,4674.0,True,False,0,0,0.0,Low
296.9,307.6,1685,32.0,10,10.700000000000044,53920.0,320.0,2,320.0,False,True,0,0,0.0,Low
300.1,309.3,1685,27.1,203,9.199999999999989,45663.5,5501.3,1,5501.3,True,False,0,0,0.025,Low
304.3,313.5,1452,41.5,15,9.199999999999989,60258.0,622.5,1,622.5,True,False,0,0,0.0,Low
298.8,308.5,1510,38.7,66,9.699999999999989,58437.00000000001,2554.2000000000003,2,2554.2000000000003,False,True,0,0,0.0,Low
301.1,310.0,1513,38.0,17,8.899999999999977,57494.0,646.0,1,646.0,True,False,0,0,0.0,Low
300.5,311.6,1528,42.4,163,11.100000000000025,64787.2,6911.2,1,6911.2,True,False,0,0,0.0,Low
302.4,310.9,1435,42.3,83,8.5,60700.49999999999,3510.9,2,3510.9,False,True,0,0,0.0,Low
301.0,311.0,1581,37.0,127,10.0,58497.0,4699.0,1,4699.0,True,False,0,0,0.0,Low
295.3,305.8,1589,36.2,184,10.5,57521.8,6660.8,2,6660.8,False,True,0,0,0.0,Low
301.0,312.3,1488,42.6,107,11.300000000000011,63388.8,4558.2,1,4558.2,True,False,0,0,0.0,Low
302.3,311.4,1845,21.9,27,9.099999999999966,40405.5,591.3,1,591.3,True,False,0,0,0.0,Low
298.9,308.5,1559,34.3,126,9.600000000000025,53473.7,4321.799999999999,1,4321.799999999999,True,False,0,0,0.0,Low
301.0,309.7,1491,42.9,165,8.699999999999989,63963.9,7078.5,1,7078.5,True,False,0,0,0.0,Low
301.2,310.4,1470,44.0,113,9.199999999999989,64680.0,4972.0,1,4972.0,True,False,0,0,0.0,Low
298.3,310.0,1419,47.1,105,11.699999999999989,66834.90000000001,4945.5,0,4945.5,False,False,0,0,0.015,Low
300.6,309.6,1426,53.6,66,9.0,76433.6,3537.6,1,3537.6,True,False,0,0,0.0,Low
298.1,308.1,1484,40.4,59,10.0,59953.6,2383.6,1,2383.6,True,False,0,0,0.0,Low
297.9,308.6,1757,27.5,118,10.700000000000044,48317.5,3245.0,1,3245.0,True,False,0,0,0.0,Low
299.7,309.0,1465,49.0,158,9.300000000000011,71785.0,7742.0,2,7742.0,False,True,0,0,0.0,Low
298.7,310.1,1558,37.6,44,11.400000000000034,58580.8,1654.4,1,1654.4,True,False,0,0,0.0,Low
303.0,312.7,1553,35.8,122,9.699999999999989,55597.4,4367.599999999999,2,4367.599999999999,False,True,0,0,0.0,Low
300.3,309.6,1524,38.4,54,9.300000000000011,58521.6,2073.6,2,2073.6,False,True,0,0,0.0,Low
297.9,309.1,1595,32.0,32,11.200000000000044,51040.0,1024.0,1,1024.0,True,False,0,0,0.0,Low
297.7,309.0,1656,33.2,20,11.300000000000011,54979.2,664.0,2,664.0,False,True,0,0,0.0,Low
301.5,310.5,2289,16.4,112,9.0,37539.6,1836.8,1,1836.8,True,False,0,0,0.01,Low
299.3,309.1,1449,47.9,131,9.800000000000011,69407.09999999999,6274.9,2,6274.9,False,True,0,0,0.0,Low
302.8,312.4,1411,53.8,246,9.599999999999966,75911.8,13234.8,0,13234.8,False,False,1,0,0.41,Medium
302.0,311.1,1635,36.0,23,9.100000000000025,58860.0,828.0,1,828.0,True,False,0,0,0.0,Low
298.9,308.5,1503,40.6,145,9.600000000000025,61021.8,5887.0,1,5887.0,True,False,0,0,0.0,Low
300.7,311.0,1559,42.8,121,10.300000000000011,66725.2,5178.799999999999,2,5178.799999999999,False,True,0,0,0.01,Low
298.5,309.7,1561,35.3,208,11.199999999999989,55103.3,7342.4,0,7342.4,False,False,0,0,0.06,Low
303.7,312.5,1433,53.6,185,8.800000000000011,76808.8,9916.0,1,9916.0,True,False,0,0,0.005,Low
301.7,310.6,1691,27.7,105,8.900000000000034,46840.7,2908.5,2,2908.5,False,True,0,0,0.0,Low
298.9,310.0,1348,58.2,163,11.100000000000025,78453.6,9486.6,2,9486.6,False,True,0,0,0.0,Low
299.1,309.4,1811,24.6,77,10.299999999999956,44550.600000000006,1894.2,0,1894.2,False,False,0,0,0.0,Low
296.6,307.4,1389,42.7,48,10.799999999999956,59310.3,2049.6000000000004,1,2049.6000000000004,True,False,0,0,0.0,Low
299.1,308.9,1445,43.4,197,9.799999999999956,62713.0,8549.8,1,8549.8,True,False,0,0,0.005,Low
300.1,311.5,1659,31.1,203,11.399999999999975,51594.9,6313.3,1,6313.3,True,False,0,0,0.02,Low
300.5,311.9,1323,57.9,155,11.399999999999975,76601.7,8974.5,2,8974.5,False,True,0,0,0.01,Low
298.9,308.4,1301,51.1,138,9.5,66481.1,7051.8,1,7051.8,True,False,0,0,0.0,Low
299.2,310.4,1502,39.8,34,11.199999999999989,59779.6,1353.1999999999998,2,1353.1999999999998,False,True,0,0,0.0,Low
300.7,309.3,1580,38.3,102,8.600000000000023,60513.99999999999,3906.6,1,3906.6,True,False,0,0,0.01,Low
304.0,313.2,1437,53.9,7,9.199999999999989,77454.3,377.3,2,377.3,False,True,0,0,0.005,Low
302.4,311.1,1721,30.1,210,8.700000000000045,51802.100000000006,6321.0,2,6321.0,False,True,0,0,0.05,Low
300.7,310.8,1754,27.7,84,10.100000000000025,48585.8,2326.8,1,2326.8,True,False,0,0,0.0,Low
301.8,309.6,1443,42.7,231,7.800000000000011,61616.100000000006,9863.7,1,9863.7,True,False,0,0,0.135,Low
295.6,306.2,1650,28.2,35,10.599999999999966,46530.0,987.0,1,987.0,True,False,0,0,0.0,Low
298.5,309.6,1582,40.3,103,11.100000000000025,63754.6,4150.9,1,4150.9,True,False,0,0,0.0,Low
300.7,310.1,1351,46.9,165,9.400000000000034,63361.9,7738.5,1,7738.5,True,False,0,0,0.0,Low
300.8,310.7,1572,36.2,167,9.899999999999975,56906.4,6045.400000000001,2,6045.400000000001,False,True,0,0,0.0,Low
297.9,307.5,1880,23.3,146,9.600000000000025,43804.0,3401.8,0,3401.8,False,False,0,0,0.0,Low
304.1,313.2,1412,47.5,150,9.099999999999966,67070.0,7125.0,1,7125.0,True,False,0,0,0.0,Low
297.9,308.7,1545,35.9,120,10.800000000000011,55465.5,4308.0,0,4308.0,False,False,0,0,0.0,Low
297.8,307.8,1310,57.9,70,10.0,75849.0,4053.0,2,4053.0,False,True,0,0,0.0,Low
301.0,310.6,1460,53.6,74,9.600000000000025,78256.0,3966.4,2,3966.4,False,True,0,0,0.0,Low
298.0,307.6,1593,32.2,118,9.600000000000025,51294.600000000006,3799.6,0,3799.6,False,False,0,0,0.0,Low
300.4,311.6,1332,54.6,111,11.200000000000044,72727.2,6060.6,1,6060.6,True,False,0,0,0.0,Low
301.2,310.9,1798,22.3,59,9.699999999999989,40095.4,1315.7,0,1315.7,False,False,0,0,0.0,Low
299.0,308.9,1449,39.6,105,9.899999999999975,57380.4,4158.0,2,4158.0,False,True,0,0,0.0,Low
298.0,308.5,1461,48.0,68,10.5,70128.0,3264.0,1,3264.0,True,False,0,0,0.0,Low
298.1,308.6,1425,41.9,11,10.5,59707.5,460.9,2,460.9,False,True,0,0,0.0,Low
298.9,310.1,1442,42.9,153,11.200000000000044,61861.8,6563.7,2,6563.7,False,True,0,0,0.0,Low
300.8,311.2,1592,32.9,82,10.399999999999975,52376.8,2697.8,2,2697.8,False,True,0,0,0.0,Low
297.5,308.4,1793,23.9,28,10.899999999999975,42852.7,669.1999999999999,0,669.1999999999999,False,False,0,0,0.0,Low
301.9,311.0,1467,48.1,43,9.100000000000025,70562.7,2068.3,2,2068.3,False,True,0,0,0.005,Low
298.8,310.2,1455,44.9,107,11.399999999999975,65329.5,4804.3,0,4804.3,False,False,0,0,0.01,Low
295.6,306.2,1329,55.3,135,10.599999999999966,73493.7,7465.5,0,7465.5,False,False,0,0,0.0,Low
301.0,311.5,1444,39.8,197,10.5,57471.2,7840.599999999999,1,7840.599999999999,True,False,0,0,0.01,Low
298.7,309.8,1501,44.7,48,11.100000000000025,67094.7,2145.6000000000004,2,2145.6000000000004,False,True,0,0,0.0,Low
302.5,310.4,1349,55.1,187,7.899999999999977,74329.90000000001,10303.7,1,10303.7,True,False,1,1,0.54,Medium
301.9,311.1,1605,40.0,179,9.200000000000044,64200.0,7160.0,2,7160.0,False,True,0,0,0.0,Low
300.2,309.5,1458,46.9,23,9.300000000000011,68380.2,1078.7,2,1078.7,False,True,0,0,0.0,Low
302.1,311.3,1453,45.1,174,9.199999999999989,65530.3,7847.400000000001,2,7847.400000000001,False,True,0,0,0.005,Low
301.3,310.0,1550,41.5,197,8.699999999999989,64325.0,8175.5,1,8175.5,True,False,0,0,0.0,Low
302.4,310.1,1401,48.8,177,7.700000000000045,68368.8,8637.6,1,8637.6,True,False,0,0,0.055,Low
297.1,308.3,1773,23.8,169,11.199999999999989,42197.4,4022.2,1,4022.2,True,False,0,0,0.0,Low
302.3,311.5,1395,54.2,198,9.199999999999989,75609.0,10731.6,1,10731.6,True,False,0,0,0.04,Low
303.1,311.2,1394,45.3,144,8.099999999999966,63148.2,6523.2,1,6523.2,True,False,0,0,0.08,Low
299.0,309.1,1394,45.1,179,10.100000000000025,62869.4,8072.900000000001,1,8072.900000000001,True,False,0,0,0.005,Low
301.0,311.0,1553,35.8,26,10.0,55597.4,930.8,1,930.8,True,False,0,0,0.0,Low
300.3,311.5,1378,47.5,64,11.199999999999989,65455.0,3040.0,1,3040.0,True,False,0,0,0.0,Low
296.6,307.4,1616,28.0,175,10.799999999999956,45248.0,4900.0,1,4900.0,True,False,0,0,0.0,Low
301.6,309.9,1440,43.4,100,8.299999999999955,62496.0,4340.0,1,4340.0,True,False,0,0,0.0,Low
302.5,310.4,1429,43.2,191,7.899999999999977,61732.8,8251.2,2,8251.2,False,True,0,0,0.01,Low
298.8,308.6,1500,37.1,210,9.800000000000011,55650.0,7791.0,2,7791.0,False,True,0,0,0.08,Low
300.2,311.5,1492,41.8,128,11.300000000000011,62365.6,5350.4,1,5350.4,True,False,0,0,0.0,Low
299.4,309.1,1766,24.6,158,9.700000000000044,43443.600000000006,3886.8,1,3886.8,True,False,0,0,0.0,Low
302.5,311.9,1347,54.3,125,9.399999999999975,73142.09999999999,6787.5,2,6787.5,False,True,0,0,0.085,Low
299.4,309.0,1381,44.9,88,9.600000000000025,62006.9,3951.2,2,3951.2,False,True,0,0,0.0,Low
301.4,310.7,1568,35.2,23,9.300000000000011,55193.600000000006,809.6,1,809.6,True,False,0,0,0.0,Low
302.2,311.3,1658,31.0,2,9.100000000000025,51398.0,62.0,2,62.0,False,True,0,0,0.0,Low
302.2,311.6,1462,50.0,51,9.400000000000034,73100.0,2550.0,1,2550.0,True,False,0,0,0.0,Low
298.9,310.2,1409,54.8,140,11.300000000000011,77213.2,7672.0,1,7672.0,True,False,0,0,0.0,Low
298.1,308.9,1388,53.5,83,10.799999999999956,74258.0,4440.5,0,4440.5,False,False,0,0,0.0,Low
302.0,311.0,1632,34.2,18,9.0,55814.4,615.6,1,615.6,True,False,0,0,0.0,Low
298.3,308.6,1589,37.1,137,10.300000000000011,58951.9,5082.7,2,5082.7,False,True,0,0,0.0,Low
297.4,308.2,1533,37.4,115,10.800000000000011,57334.2,4301.0,1,4301.0,True,False,0,0,0.0,Low
300.8,312.0,1496,40.0,175,11.199999999999989,59840.0,7000.0,1,7000.0,True,False,0,0,0.0,Low
297.5,308.7,1352,53.0,171,11.199999999999989,71656.0,9063.0,2,9063.0,False,True,0,0,0.0,Low
300.6,309.5,1557,33.8,84,8.899999999999977,52626.6,2839.2,2,2839.2,False,True,0,0,0.0,Low
299.0,310.1,1623,33.0,210,11.100000000000025,53559.0,6930.0,1,6930.0,True,False,0,0,0.01,Low
300.8,310.7,1633,27.8,0,9.899999999999975,45397.4,0.0,1,0.0,True,False,0,0,0.0,Low
300.6,310.6,1463,45.5,196,10.0,66566.5,8918.0,2,8918.0,False,True,0,0,0.005,Low
296.8,308.0,1510,39.4,29,11.199999999999989,59494.0,1142.6,1,1142.6,True,False,0,0,0.0,Low
299.2,308.9,1368,47.2,175,9.699999999999989,64569.600000000006,8260.0,1,8260.0,True,False,0,0,0.0,Low
298.2,309.0,1489,40.6,89,10.800000000000011,60453.4,3613.4,1,3613.4,True,False,0,0,0.0,Low
300.4,309.8,1513,32.9,117,9.400000000000034,49777.7,3849.3,1,3849.3,True,False,0,0,0.0,Low
298.5,309.4,1365,48.7,56,10.899999999999975,66475.5,2727.2000000000003,2,2727.2000000000003,False,True,0,0,0.0,Low
301.3,310.4,1384,50.1,88,9.099999999999966,69338.40000000001,4408.8,1,4408.8,True,False,0,0,0.0,Low
301.1,309.7,1668,30.8,158,8.599999999999966,51374.4,4866.400000000001,1,4866.400000000001,True,False,0,0,0.0,Low
302.6,310.8,1470,41.2,156,8.199999999999989,60564.00000000001,6427.200000000001,1,6427.200000000001,True,False,0,0,0.01,Low
297.9,309.0,1290,49.8,43,11.100000000000025,64241.99999999999,2141.4,1,2141.4,True,False,0,0,0.0,Low
303.5,312.0,1475,42.9,85,8.5,63277.5,3646.5,2,3646.5,False,True,0,0,0.005,Low
297.7,308.8,1404,50.3,97,11.100000000000025,70621.2,4879.099999999999,0,4879.099999999999,False,False,0,0,0.0,Low
302.0,310.5,1841,23.6,119,8.5,43447.600000000006,2808.4,0,2808.4,False,False,0,0,0.0,Low
298.9,309.6,1472,46.0,199,10.700000000000044,67712.0,9154.0,2,9154.0,False,True,0,0,0.0,Low
304.1,313.3,1470,39.9,70,9.199999999999989,58653.0,2793.0,1,2793.0,True,False,0,0,0.0,Low
298.6,309.6,1472,39.1,14,11.0,57555.2,547.4,1,547.4,True,False,0,0,0.0,Low
301.9,310.5,1425,51.1,173,8.600000000000023,72817.5,8840.300000000001,1,8840.300000000001,True,False,0,0,0.005,Low
296.3,307.2,1446,45.9,180,10.899999999999975,66371.4,8262.0,2,8262.0,False,True,0,0,0.0,Low
301.7,310.5,1354,50.0,169,8.800000000000011,67700.0,8450.0,1,8450.0,True,False,0,0,0.105,Low
297.1,308.4,1615,32.6,184,11.299999999999956,52649.0,5998.400000000001,2,5998.400000000001,False,True,0,0,0.0,Low
295.6,306.2,1477,45.0,40,10.599999999999966,66465.0,1800.0,2,1800.0,False,True,0,0,0.035,Low
299.7,311.2,1616,42.3,180,11.5,68356.79999999999,7613.999999999999,2,7613.999999999999,False,True,0,0,0.005,Low
303.0,311.2,1664,29.8,186,8.199999999999989,49587.2,5542.8,1,5542.8,True,False,0,0,0.0,Low
296.9,307.9,1557,36.5,63,11.0,56830.5,2299.5,0,2299.5,False,False,0,0,0.005,Low
301.6,310.6,1400,49.5,211,9.0,69300.0,10444.5,0,10444.5,False,False,0,0,0.06,Low
300.4,310.6,1545,35.6,16,10.200000000000044,55002.0,569.6,2,569.6,False,True,0,0,0.0,Low
302.3,310.9,1891,22.7,135,8.599999999999966,42925.7,3064.5,1,3064.5,True,False,0,0,0.0,Low
298.8,309.8,1490,35.9,171,11.0,53491.0,6138.9,0,6138.9,False,False,0,0,0.0,Low
304.0,313.5,1732,26.2,126,9.5,45378.4,3301.2,2,3301.2,False,True,0,0,0.0,Low
302.7,312.1,1763,26.5,184,9.400000000000034,46719.5,4876.0,1,4876.0,True,False,0,0,0.0,Low
299.2,309.0,1951,21.4,102,9.800000000000011,41751.4,2182.8,1,2182.8,True,False,0,0,0.0,Low
298.9,310.1,1313,56.8,171,11.200000000000044,74578.4,9712.8,2,9712.8,False,True,0,0,0.005,Low
299.7,310.6,1737,26.1,144,10.900000000000034,45335.7,3758.4,1,3758.4,True,False,0,0,0.0,Low
300.8,311.2,1481,38.5,181,10.399999999999975,57018.5,6968.5,1,6968.5,True,False,0,0,0.0,Low
298.1,308.5,1392,44.8,111,10.399999999999975,62361.6,4972.799999999999,0,4972.799999999999,False,False,0,0,0.0,Low
298.8,310.5,1678,32.8,4,11.699999999999989,55038.4,131.2,2,131.2,False,True,0,0,0.0,Low
304.2,313.6,1411,46.0,149,9.400000000000034,64906.0,6854.0,1,6854.0,True,False,0,0,0.0,Low
300.5,311.5,1487,43.0,78,11.0,63941.0,3354.0,1,3354.0,True,False,0,0,0.0,Low
298.9,310.6,1679,35.8,14,11.700000000000044,60108.2,501.19999999999993,2,501.19999999999993,False,True,0,0,0.0,Low
298.2,309.5,1478,36.5,182,11.300000000000011,53947.0,6643.0,2,6643.0,False,True,0,0,0.0,Low
298.5,309.2,1721,29.4,170,10.699999999999989,50597.4,4998.0,2,4998.0,False,True,0,0,0.0,Low
301.9,311.0,1871,26.0,132,9.100000000000025,48646.0,3432.0,0,3432.0,False,False,0,0,0.0,Low
301.9,311.4,1465,39.9,153,9.5,58453.5,6104.7,2,6104.7,False,True,0,0,0.0,Low
298.2,309.3,2056,18.7,144,11.100000000000025,38447.2,2692.8,2,2692.8,False,True,0,0,0.0,Low
297.0,307.8,1500,39.9,175,10.800000000000011,59850.0,6982.5,1,6982.5,True,False,0,0,0.0,Low
298.0,308.9,1390,53.9,88,10.899999999999975,74921.0,4743.2,1,4743.2,True,False,0,0,0.0,Low
299.8,309.1,1772,24.8,113,9.300000000000011,43945.6,2802.4,1,2802.4,True,False,0,0,0.0,Low
300.5,309.3,1471,45.2,223,8.800000000000011,66489.2,10079.6,0,10079.6,False,False,0,0,0.065,Low
297.1,307.9,1420,39.8,192,10.799999999999956,56515.99999999999,7641.599999999999,0,7641.599999999999,False,False,0,0,0.0,Low
300.6,311.7,1497,43.6,198,11.099999999999966,65269.2,8632.800000000001,1,8632.800000000001,True,False,0,0,0.0,Low
300.7,311.7,1395,43.7,215,11.0,60961.50000000001,9395.5,1,9395.5,True,False,0,0,0.01,Low
297.4,308.6,1488,36.4,71,11.200000000000044,54163.2,2584.4,1,2584.4,True,False,0,0,0.0,Low
301.0,312.2,1540,34.1,113,11.199999999999989,52514.0,3853.3,1,3853.3,True,False,0,0,0.0,Low
298.2,308.1,1622,34.9,67,9.900000000000034,56607.8,2338.3,1,2338.3,True,False,0,0,0.0,Low
299.1,310.1,1421,41.2,149,11.0,58545.2,6138.8,0,6138.8,False,False,0,0,0.0,Low
301.1,311.1,1799,21.7,206,10.0,39038.3,4470.2,1,4470.2,True,False,0,0,0.045,Low
300.4,311.9,1476,48.7,189,11.5,71881.2,9204.3,1,9204.3,True,False,0,0,0.0,Low
303.0,311.1,1372,54.3,117,8.100000000000023,74499.59999999999,6353.099999999999,2,6353.099999999999,False,True,1,1,0.84,High
301.6,310.4,1369,45.4,156,8.799999999999955,62152.6,7082.4,0,7082.4,False,False,0,0,0.075,Low
295.9,306.4,1892,21.7,72,10.5,41056.4,1562.4,1,1562.4,True,False,0,0,0.0,Low
302.3,311.3,1744,30.3,116,9.0,52843.2,3514.8,0,3514.8,False,False,0,0,0.0,Low
300.0,310.5,1790,25.7,123,10.5,46003.0,3161.1,2,3161.1,False,True,0,0,0.0,Low
298.4,308.2,1612,32.6,10,9.800000000000011,52551.2,326.0,0,326.0,False,False,0,0,0.0,Low
298.3,307.9,1485,42.0,117,9.599999999999966,62370.0,4914.0,2,4914.0,False,True,0,0,0.0,Low
297.1,307.9,1456,50.0,166,10.799999999999956,72800.0,8300.0,1,8300.0,True,False,0,0,0.0,Low
304.1,313.1,1327,54.1,57,9.0,71790.7,3083.7000000000003,1,3083.7000000000003,True,False,0,0,0.0,Low
297.7,307.4,1432,40.2,132,9.699999999999989,57566.4,5306.400000000001,0,5306.400000000001,False,False,0,0,0.0,Low
297.4,308.0,1423,38.0,154,10.600000000000025,54074.0,5852.0,1,5852.0,True,False,0,0,0.0,Low
298.7,310.1,1402,69.7,64,11.400000000000034,97719.4,4460.8,2,4460.8,False,True,1,1,0.75,High
300.1,311.4,1575,29.8,210,11.299999999999956,46935.0,6258.0,2,6258.0,False,True,0,0,0.185,Low
301.1,311.1,1570,41.6,202,10.0,65312.0,8403.2,1,8403.2,True,False,0,0,0.0,Low
298.7,308.5,1668,35.2,77,9.800000000000011,58713.600000000006,2710.4,1,2710.4,True,False,0,0,0.0,Low
297.4,308.2,1424,53.9,120,10.800000000000011,76753.59999999999,6468.0,2,6468.0,False,True,0,0,0.01,Low
299.6,310.1,1531,36.8,62,10.5,56340.8,2281.6,0,2281.6,False,False,0,0,0.0,Low
298.1,307.6,1354,43.3,155,9.5,58628.2,6711.5,1,6711.5,True,False,0,0,0.0,Low
302.9,312.5,1550,45.5,72,9.600000000000025,70525.0,3276.0,1,3276.0,True,False,0,0,0.0,Low
300.1,309.5,1462,42.8,50,9.399999999999975,62573.6,2140.0,2,2140.0,False,True,0,0,0.0,Low
297.0,307.7,1261,51.1,130,10.699999999999989,64437.1,6643.0,2,6643.0,False,True,0,0,0.0,Low
298.6,309.5,1730,30.2,41,10.899999999999975,52246.0,1238.2,1,1238.2,True,False,0,0,0.0,Low
302.6,312.1,1420,51.6,182,9.5,73272.0,9391.2,1,9391.2,True,False,0,0,0.0,Low
300.5,311.6,1534,37.7,90,11.100000000000025,57831.8,3393.0000000000005,1,3393.0000000000005,True,False,0,0,0.0,Low
298.6,309.5,1366,55.0,65,10.899999999999975,75130.0,3575.0,2,3575.0,False,True,0,0,0.0,Low
302.2,310.8,1356,48.3,36,8.600000000000023,65494.8,1738.8,2,1738.8,False,True,0,1,0.805,High
302.8,312.2,1746,27.4,44,9.399999999999975,47840.4,1205.6,1,1205.6,True,False,0,0,0.0,Low
298.1,307.9,1502,41.8,79,9.799999999999956,62783.6,3302.2,1,3302.2,True,False,0,0,0.0,Low
298.8,309.6,1523,41.9,165,10.800000000000011,63813.7,6913.5,1,6913.5,True,False,0,0,0.0,Low
301.3,311.1,1834,25.4,22,9.800000000000011,46583.6,558.8,2,558.8,False,True,0,0,0.0,Low
303.8,313.1,1422,42.4,152,9.300000000000011,60292.8,6444.8,1,6444.8,True,False,0,0,0.0,Low
302.5,310.4,1509,37.6,45,7.899999999999977,56738.4,1692.0,2,1692.0,False,True,0,0,0.0,Low
297.5,308.0,2033,16.7,128,10.5,33951.1,2137.6,2,2137.6,False,True,0,0,0.005,Low
301.9,311.1,1417,52.5,171,9.200000000000044,74392.5,8977.5,2,8977.5,False,True,0,0,0.025,Low
298.1,307.8,1524,40.8,71,9.699999999999989,62179.2,2896.8,1,2896.8,True,False,0,0,0.0,Low
298.8,309.1,1512,40.7,156,10.300000000000011,61538.4,6349.200000000001,1,6349.200000000001,True,False,0,0,0.0,Low
300.8,312.0,1422,50.7,219,11.199999999999989,72095.40000000001,11103.3,2,11103.3,False,True,0,0,0.2,Low
299.2,310.3,1507,41.3,158,11.100000000000025,62239.1,6525.4,1,6525.4,True,False,0,0,0.0,Low
300.6,311.7,1428,52.6,208,11.099999999999966,75112.8,10940.8,1,10940.8,True,False,0,0,0.225,Low
298.2,307.8,1423,48.1,183,9.600000000000025,68446.3,8802.300000000001,1,8802.300000000001,True,False,0,0,0.0,Low
300.5,310.8,1445,46.6,155,10.300000000000011,67337.0,7223.0,1,7223.0,True,False,0,0,0.005,Low
303.7,312.0,1892,22.5,79,8.300000000000011,42570.0,1777.5,1,1777.5,True,False,0,0,0.02,Low
302.4,311.3,1392,50.5,51,8.900000000000034,70296.0,2575.5,1,2575.5,True,False,0,0,0.0,Low
300.1,311.4,1342,48.5,203,11.299999999999956,65087.0,9845.5,2,9845.5,False,True,0,0,0.035,Low
298.4,309.3,1409,43.1,166,10.900000000000034,60727.9,7154.6,1,7154.6,True,False,0,0,0.0,Low
303.3,311.4,1658,30.5,7,8.099999999999966,50569.0,213.5,1,213.5,True,False,0,0,0.0,Low
297.5,309.3,1525,41.7,235,11.800000000000011,63592.50000000001,9799.5,0,9799.5,False,False,0,0,0.015,Low
300.8,309.9,1312,65.3,192,9.099999999999966,85673.59999999999,12537.6,1,12537.6,True,False,1,1,0.965,Critical
300.7,311.7,1910,19.7,13,11.0,37627.0,256.1,1,256.1,True,False,0,0,0.0,Low
299.4,309.3,1377,43.6,28,9.900000000000034,60037.2,1220.8,1,1220.8,True,False,0,0,0.0,Low
303.4,311.7,1353,44.1,192,8.300000000000011,59667.3,8467.2,2,8467.2,False,True,1,0,0.45,Medium
300.4,311.1,1487,37.4,162,10.700000000000044,55613.8,6058.8,1,6058.8,True,False,0,0,0.0,Low
301.1,311.3,1389,53.3,8,10.199999999999989,74033.7,426.4,2,426.4,False,True,0,0,0.0,Low
297.4,308.3,1706,30.9,9,10.900000000000034,52715.4,278.1,1,278.1,True,False,0,0,0.0,Low
301.5,311.1,1660,33.8,115,9.600000000000025,56107.99999999999,3887.0,2,3887.0,False,True,0,0,0.0,Low
297.0,308.1,1537,39.0,103,11.100000000000025,59943.0,4017.0,1,4017.0,True,False,0,0,0.0,Low
299.6,311.1,1679,30.7,129,11.5,51545.3,3960.3,1,3960.3,True,False,0,0,0.0,Low
301.2,310.9,1598,35.9,71,9.699999999999989,57368.2,2548.9,0,2548.9,False,False,0,0,0.0,Low
296.9,308.1,1483,44.3,219,11.200000000000044,65696.9,9701.7,2,9701.7,False,True,0,0,0.0,Low
303.9,312.7,1339,62.3,156,8.800000000000011,83419.7,9718.8,1,9718.8,True,False,0,0,0.08,Low
297.2,308.2,1678,28.1,133,11.0,47151.8,3737.3,2,3737.3,False,True,0,0,0.0,Low
298.2,308.8,1607,31.9,39,10.600000000000025,51263.3,1244.1,2,1244.1,False,True,0,0,0.0,Low
297.2,308.5,1513,42.9,212,11.300000000000011,64907.7,9094.8,1,9094.8,True,False,0,0,0.01,Low
297.2,308.6,1924,22.1,163,11.400000000000034,42520.4,3602.3,1,3602.3,True,False,0,0,0.0,Low
303.1,312.5,1766,26.7,157,9.399999999999975,47152.2,4191.9,2,4191.9,False,True,0,0,0.0,Low
297.2,308.5,1364,54.0,43,11.300000000000011,73656.0,2322.0,2,2322.0,False,True,0,0,0.005,Low
299.3,309.1,1495,44.0,55,9.800000000000011,65780.0,2420.0,1,2420.0,True,False,0,0,0.0,Low
298.6,309.5,1426,45.4,38,10.899999999999975,64740.4,1725.2,2,1725.2,False,True,0,0,0.015,Low
299.8,311.2,1745,26.3,150,11.399999999999975,45893.5,3945.0,2,3945.0,False,True,0,0,0.0,Low
298.7,310.1,1435,45.6,37,11.400000000000034,65436.0,1687.2,0,1687.2,False,False,0,0,0.115,Low
299.2,308.6,1367,47.6,168,9.400000000000034,65069.2,7996.8,2,7996.8,False,True,0,0,0.0,Low
300.5,310.2,1386,48.2,225,9.699999999999989,66805.2,10845.0,2,10845.0,False,True,0,0,0.09,Low
297.0,308.1,1429,54.0,138,11.100000000000025,77166.0,7452.0,1,7452.0,True,False,0,0,0.0,Low
301.7,310.0,1391,50.6,195,8.300000000000011,70384.6,9867.0,2,9867.0,False,True,0,0,0.04,Low
298.0,307.4,1463,46.5,182,9.399999999999975,68029.5,8463.0,2,8463.0,False,True,0,0,0.005,Low
298.6,310.1,1458,41.9,61,11.5,61090.2,2555.9,2,2555.9,False,True,0,0,0.0,Low
302.1,311.0,1574,34.1,215,8.899999999999977,53673.4,7331.5,2,7331.5,False,True,0,0,0.11,Low
299.9,311.4,1337,54.8,32,11.5,73267.59999999999,1753.6,2,1753.6,False,True,0,0,0.0,Low
298.9,308.7,1433,44.7,108,9.800000000000011,64055.100000000006,4827.6,1,4827.6,True,False,0,0,0.0,Low
297.5,308.5,1699,30.1,40,11.0,51139.9,1204.0,2,1204.0,False,True,0,0,0.0,Low
302.5,311.9,1306,59.7,172,9.399999999999975,77968.2,10268.4,1,10268.4,True,False,0,0,0.06,Low
297.6,309.5,1924,20.6,37,11.899999999999975,39634.4,762.2,1,762.2,True,False,0,0,0.0,Low
300.3,309.3,1478,39.5,180,9.0,58381.0,7110.0,1,7110.0,True,False,0,0,0.0,Low
304.0,313.1,1466,39.5,83,9.100000000000025,57907.0,3278.5,2,3278.5,False,True,0,0,0.0,Low
297.6,308.6,1576,32.7,83,11.0,51535.2,2714.1000000000004,1,2714.1000000000004,True,False,0,0,0.0,Low
299.9,309.2,1598,34.6,111,9.300000000000011,55290.8,3840.6,1,3840.6,True,False,0,0,0.0,Low
299.8,309.7,1429,42.6,127,9.899999999999975,60875.4,5410.2,1,5410.2,True,False,0,0,0.0,Low
298.2,307.8,1530,35.9,68,9.600000000000025,54927.0,2441.2,1,2441.2,True,False,0,0,0.0,Low
302.5,312.0,1487,46.1,175,9.5,68550.7,8067.5,2,8067.5,False,True,0,0,0.0,Low
303.0,311.1,1597,36.7,191,8.100000000000023,58609.9,7009.700000000001,2,7009.700000000001,False,True,0,0,0.005,Low
301.1,310.6,1782,24.9,93,9.5,44371.8,2315.7,0,2315.7,False,False,0,0,0.0,Low
300.9,310.9,1636,35.3,153,10.0,57750.8,5400.9,2,5400.9,False,True,0,0,0.0,Low
296.6,307.5,1482,39.9,153,10.899999999999975,59131.8,6104.7,2,6104.7,False,True,0,0,0.0,Low
303.0,311.3,1335,53.6,164,8.300000000000011,71556.0,8790.4,2,8790.4,False,True,1,1,0.815,High
299.6,309.0,1472,48.8,72,9.399999999999975,71833.59999999999,3513.6,1,3513.6,True,False,0,0,0.0,Low
301.7,310.5,1567,39.1,114,8.800000000000011,61269.7,4457.400000000001,1,4457.400000000001,True,False,0,0,0.0,Low
296.7,307.7,1927,23.9,112,11.0,46055.3,2676.8,1,2676.8,True,False,0,0,0.0,Low
300.7,310.8,1925,22.0,74,10.100000000000025,42350.0,1628.0,1,1628.0,True,False,0,0,0.0,Low
299.0,310.3,1431,39.9,157,11.300000000000011,57096.9,6264.3,1,6264.3,True,False,0,0,0.005,Low
298.7,308.4,1430,49.6,135,9.699999999999989,70928.0,6696.0,2,6696.0,False,True,0,0,0.0,Low
297.4,308.4,1328,61.8,98,11.0,82070.4,6056.4,1,6056.4,True,False,0,0,0.025,Low
302.0,309.9,1447,42.8,185,7.899999999999977,61931.6,7917.999999999999,0,7917.999999999999,False,False,0,0,0.02,Low
299.6,311.0,1574,35.0,133,11.399999999999975,55090.0,4655.0,1,4655.0,True,False,0,0,0.0,Low
301.5,310.5,1503,38.2,200,9.0,57414.600000000006,7640.000000000001,2,7640.000000000001,False,True,0,0,0.01,Low
298.9,308.9,1750,29.9,50,10.0,52325.0,1495.0,2,1495.0,False,True,0,0,0.0,Low
300.5,309.9,1552,41.3,116,9.399999999999975,64097.6,4790.799999999999,2,4790.799999999999,False,True,0,0,0.0,Low
297.3,308.1,1506,36.0,150,10.800000000000011,54216.0,5400.0,1,5400.0,True,False,0,0,0.0,Low
300.7,310.9,1521,39.4,61,10.199999999999989,59927.4,2403.4,1,2403.4,True,False,0,0,0.0,Low
298.0,308.5,1404,46.6,201,10.5,65426.4,9366.6,1,9366.6,True,False,0,0,0.005,Low
298.0,309.4,1562,38.1,58,11.399999999999975,59512.2,2209.8,0,2209.8,False,False,0,0,0.0,Low
300.9,311.5,1505,41.1,129,10.600000000000025,61855.5,5301.900000000001,1,5301.900000000001,True,False,0,0,0.0,Low
300.9,310.7,1477,43.2,143,9.800000000000011,63806.4,6177.6,1,6177.6,True,False,0,0,0.0,Low
303.8,312.7,1919,20.2,131,8.899999999999977,38763.8,2646.2,2,2646.2,False,True,0,0,0.0,Low
300.6,310.4,2514,13.4,215,9.799999999999956,33687.6,2881.0,1,2881.0,True,False,0,0,0.24,Low
298.0,307.6,1281,50.8,122,9.600000000000025,65074.8,6197.599999999999,1,6197.599999999999,True,False,0,0,0.0,Low
300.6,310.3,1648,30.5,217,9.699999999999989,50264.0,6618.5,1,6618.5,True,False,1,0,0.105,Low
301.3,311.0,1576,30.4,151,9.699999999999989,47910.4,4590.4,1,4590.4,True,False,0,0,0.0,Low
298.6,309.9,1615,28.8,199,11.299999999999956,46512.0,5731.2,1,5731.2,True,False,0,0,0.0,Low
297.8,309.2,1648,33.0,29,11.399999999999975,54384.0,957.0,0,957.0,False,False,0,0,0.0,Low
298.6,309.7,1280,64.1,71,11.099999999999966,82048.0,4551.099999999999,2,4551.099999999999,False,True,0,0,0.05,Low
298.1,308.9,1367,41.9,113,10.799999999999956,57277.3,4734.7,1,4734.7,True,False,0,0,0.0,Low
296.5,307.5,1566,35.1,206,11.0,54966.600000000006,7230.6,1,7230.6,True,False,0,0,0.135,Low
302.2,311.1,1470,39.6,97,8.900000000000034,58212.0,3841.2,1,3841.2,True,False,0,0,0.0,Low
296.8,308.1,1356,48.3,201,11.300000000000011,65494.8,9708.3,1,9708.3,True,False,0,0,0.02,Low
301.3,310.5,1503,48.6,72,9.199999999999989,73045.8,3499.2000000000003,1,3499.2000000000003,True,False,0,0,0.0,Low
302.6,312.1,1344,51.0,206,9.5,68544.0,10506.0,1,10506.0,True,False,0,0,0.03,Low
297.7,308.7,1731,28.4,104,11.0,49160.4,2953.6,1,2953.6,True,False,0,0,0.0,Low
300.0,309.3,1558,29.7,168,9.300000000000011,46272.6,4989.599999999999,1,4989.599999999999,True,False,0,0,0.015,Low
298.4,309.5,1519,35.4,133,11.100000000000025,53772.6,4708.2,2,4708.2,False,True,0,0,0.0,Low
301.3,310.8,1560,38.5,52,9.5,60060.0,2002.0,1,2002.0,True,False,0,0,0.0,Low
298.6,309.7,1356,54.0,6,11.099999999999966,73224.0,324.0,1,324.0,True,False,0,0,0.0,Low
297.1,307.8,1536,40.4,92,10.699999999999989,62054.4,3716.8,1,3716.8,True,False,0,0,0.0,Low
304.2,313.5,1557,37.3,164,9.300000000000011,58076.1,6117.2,2,6117.2,False,True,0,0,0.0,Low
297.0,307.7,1447,46.4,8,10.699999999999989,67140.8,371.2,1,371.2,True,False,0,0,0.0,Low
298.2,308.6,1353,54.1,38,10.400000000000034,73197.3,2055.8,1,2055.8,True,False,0,0,0.0,Low
302.0,310.8,1454,36.6,0,8.800000000000011,53216.4,0.0,1,0.0,True,False,0,0,0.0,Low
301.7,310.1,1660,29.3,72,8.400000000000034,48638.0,2109.6,0,2109.6,False,False,0,0,0.0,Low
298.9,308.9,1727,27.1,37,10.0,46801.7,1002.7,2,1002.7,False,True,0,0,0.0,Low
300.4,311.5,1476,32.6,144,11.100000000000025,48117.6,4694.400000000001,2,4694.400000000001,False,True,0,0,0.015,Low
297.5,308.6,1255,60.7,77,11.100000000000025,76178.5,4673.900000000001,2,4673.900000000001,False,True,0,0,0.02,Low
300.1,309.2,1427,37.6,73,9.099999999999966,53655.2,2744.8,1,2744.8,True,False,0,0,0.005,Low
301.5,310.8,1385,47.5,30,9.300000000000011,65787.5,1425.0,2,1425.0,False,True,0,0,0.0,Low
301.7,311.0,1715,24.8,17,9.300000000000011,42532.0,421.6,1,421.6,True,False,0,0,0.0,Low
300.5,309.5,1691,27.6,67,9.0,46671.600000000006,1849.2,2,1849.2,False,True,0,0,0.0,Low
300.7,309.6,1996,19.8,203,8.900000000000034,39520.8,4019.4,2,4019.4,False,True,1,0,0.03,Low
302.9,311.2,1751,23.8,196,8.300000000000011,41673.8,4664.8,1,4664.8,True,False,0,0,0.0,Low
298.6,309.8,1370,56.0,0,11.199999999999989,76720.0,0.0,1,0.0,True,False,0,0,0.0,Low
298.8,309.0,1592,38.2,169,10.199999999999989,60814.4,6455.8,2,6455.8,False,True,0,0,0.0,Low
298.1,307.4,1608,33.9,193,9.299999999999956,54511.2,6542.7,1,6542.7,True,False,0,0,0.0,Low
297.2,308.1,1431,49.7,210,10.900000000000034,71120.7,10437.0,1,10437.0,True,False,1,0,0.025,Low
300.5,309.4,1347,50.1,213,8.899999999999977,67484.7,10671.3,2,10671.3,False,True,0,0,0.0,Low
301.2,310.6,1437,51.2,112,9.400000000000034,73574.40000000001,5734.400000000001,1,5734.400000000001,True,False,0,0,0.0,Low
297.4,308.6,1522,38.0,33,11.200000000000044,57836.0,1254.0,2,1254.0,False,True,0,0,0.0,Low
301.0,311.4,1484,36.2,188,10.399999999999975,53720.8,6805.6,1,6805.6,True,False,0,0,0.0,Low
303.6,311.8,1695,30.7,90,8.199999999999989,52036.5,2763.0,1,2763.0,True,False,0,0,0.0,Low
298.4,308.5,1741,32.8,112,10.100000000000025,57104.8,3673.6,1,3673.6,True,False,0,0,0.0,Low
301.6,310.4,1377,44.9,161,8.799999999999955,61827.3,7228.9,2,7228.9,False,True,0,0,0.05,Low
299.5,309.2,1816,23.0,15,9.699999999999989,41768.0,345.0,1,345.0,True,False,0,0,0.0,Low
301.9,310.9,1569,32.5,188,9.0,50992.5,6110.0,2,6110.0,False,True,0,0,0.0,Low
299.6,309.3,1387,48.3,25,9.699999999999989,66992.09999999999,1207.5,2,1207.5,False,True,0,0,0.0,Low
302.3,311.5,1448,49.6,28,9.199999999999989,71820.8,1388.8,1,1388.8,True,False,0,0,0.0,Low
303.2,311.5,1544,42.5,227,8.300000000000011,65620.0,9647.5,1,9647.5,True,False,0,0,0.04,Low
299.3,310.6,1480,45.1,107,11.300000000000011,66748.0,4825.7,1,4825.7,True,False,0,0,0.0,Low
300.8,310.8,1618,32.8,40,10.0,53070.4,1312.0,0,1312.0,False,False,0,0,0.005,Low
300.8,310.9,1748,29.9,140,10.099999999999966,52265.2,4186.0,1,4186.0,True,False,0,0,0.0,Low
297.4,308.4,1580,41.2,66,11.0,65096.00000000001,2719.2000000000003,1,2719.2000000000003,True,False,0,0,0.0,Low
300.8,310.9,1453,43.9,84,10.099999999999966,63786.7,3687.6,1,3687.6,True,False,0,0,0.005,Low
301.1,310.6,1410,43.9,73,9.5,61899.0,3204.7,2,3204.7,False,True,0,0,0.0,Low
300.7,309.5,1838,24.9,66,8.800000000000011,45766.2,1643.4,2,1643.4,False,True,0,0,0.0,Low
297.2,308.5,1471,41.7,41,11.300000000000011,61340.7,1709.7,1,1709.7,True,False,0,0,0.0,Low
303.5,313.0,1403,51.9,77,9.5,72815.7,3996.3,2,3996.3,False,True,0,0,0.0,Low
301.6,310.0,1566,30.3,79,8.399999999999977,47449.8,2393.7000000000003,1,2393.7000000000003,True,False,0,0,0.0,Low
300.2,309.5,2183,17.8,39,9.300000000000011,38857.4,694.2,1,694.2,True,False,0,0,0.0,Low
301.7,311.1,1455,39.8,118,9.400000000000034,57908.99999999999,4696.4,1,4696.4,True,False,0,0,0.0,Low
298.3,309.4,1618,31.5,108,11.099999999999966,50967.0,3402.0,1,3402.0,True,False,0,0,0.0,Low
299.0,310.3,1540,38.1,182,11.300000000000011,58674.0,6934.2,2,6934.2,False,True,0,0,0.0,Low
298.6,308.3,1377,52.1,181,9.699999999999989,71741.7,9430.1,0,9430.1,False,False,0,0,0.0,Low
298.9,310.1,1495,42.9,175,11.200000000000044,64135.5,7507.5,1,7507.5,True,False,0,0,0.0,Low
301.1,310.8,1274,55.7,169,9.699999999999989,70961.8,9413.3,1,9413.3,True,False,0,0,0.015,Low
300.1,309.7,1481,37.9,34,9.599999999999966,56129.9,1288.6,1,1288.6,True,False,0,0,0.0,Low
303.9,313.0,1551,36.8,140,9.100000000000025,57076.8,5152.0,1,5152.0,True,False,0,0,0.0,Low
300.7,309.6,1439,43.0,61,8.900000000000034,61877.0,2623.0,2,2623.0,False,True,0,0,0.0,Low
300.3,311.7,1579,33.6,59,11.399999999999975,53054.4,1982.4,1,1982.4,True,False,0,0,0.0,Low
300.1,311.4,1377,56.7,50,11.299999999999956,78075.90000000001,2835.0,0,2835.0,False,False,0,0,0.0,Low
297.6,309.4,1958,22.1,108,11.799999999999956,43271.8,2386.8,1,2386.8,True,False,0,0,0.0,Low
298.2,309.0,1353,57.8,89,10.800000000000011,78203.4,5144.2,1,5144.2,True,False,0,0,0.0,Low
297.7,308.5,1373,56.7,203,10.800000000000011,77849.1,11510.1,1,11510.1,True,False,1,1,0.915,Critical
298.5,308.1,1662,28.6,48,9.600000000000025,47533.2,1372.8000000000002,1,1372.8000000000002,True,False,0,0,0.0,Low
301.0,312.0,1558,37.5,190,11.0,58425.0,7125.0,2,7125.0,False,True,0,0,0.005,Low
299.4,309.1,2421,14.2,57,9.700000000000044,34378.2,809.4,1,809.4,True,False,0,0,0.01,Low
299.1,310.3,1449,40.7,40,11.199999999999989,58974.3,1628.0,1,1628.0,True,False,0,0,0.0,Low
297.1,307.9,1507,38.3,170,10.799999999999956,57718.1,6510.999999999999,1,6510.999999999999,True,False,0,0,0.0,Low
300.6,309.4,1552,36.4,113,8.799999999999955,56492.8,4113.2,1,4113.2,True,False,0,0,0.0,Low
302.4,310.3,1923,23.3,172,7.900000000000034,44805.9,4007.6,1,4007.6,True,False,0,0,0.005,Low
302.6,311.5,1599,37.0,211,8.899999999999977,59163.0,7807.0,1,7807.0,True,False,0,0,0.195,Low
300.3,311.1,1605,37.1,160,10.800000000000011,59545.5,5936.0,1,5936.0,True,False,0,0,0.0,Low
299.9,311.3,1413,41.8,153,11.400000000000034,59063.4,6395.4,0,6395.4,False,False,0,0,0.0,Low
299.3,310.8,1483,43.5,15,11.5,64510.5,652.5,1,652.5,True,False,0,0,0.0,Low
299.7,310.3,1661,34.5,6,10.600000000000025,57304.5,207.0,2,207.0,False,True,0,0,0.0,Low
300.3,311.7,1515,37.5,5,11.399999999999975,56812.5,187.5,1,187.5,True,False,0,0,0.0,Low
299.0,308.6,1297,54.2,110,9.600000000000025,70297.40000000001,5962.0,1,5962.0,True,False,0,0,0.0,Low
299.7,311.1,1618,30.3,125,11.400000000000034,49025.4,3787.5,2,3787.5,False,True,0,0,0.01,Low
298.7,309.8,1475,40.5,59,11.100000000000025,59737.5,2389.5,2,2389.5,False,True,0,0,0.0,Low
298.9,308.7,1353,48.1,79,9.800000000000011,65079.3,3799.9,0,3799.9,False,False,0,0,0.0,Low
299.1,310.0,1431,49.5,205,10.899999999999975,70834.5,10147.5,0,10147.5,False,False,0,0,0.02,Low
303.7,312.8,1685,31.8,203,9.100000000000025,53583.0,6455.400000000001,2,6455.400000000001,False,True,0,0,0.005,Low
302.2,311.4,1372,55.1,9,9.199999999999989,75597.2,495.9,2,495.9,False,True,0,0,0.035,Low
299.6,310.8,1427,50.4,98,11.199999999999989,71920.8,4939.2,2,4939.2,False,True,0,0,0.0,Low
300.9,312.0,1500,44.2,188,11.100000000000025,66300.0,8309.6,1,8309.6,True,False,0,0,0.0,Low
302.7,312.4,1360,47.8,11,9.699999999999989,65007.99999999999,525.8,1,525.8,True,False,0,0,0.015,Low
299.5,309.3,1577,36.6,14,9.800000000000011,57718.2,512.4,1,512.4,True,False,0,0,0.0,Low
299.6,309.1,1471,44.3,67,9.5,65165.3,2968.1,2,2968.1,False,True,0,0,0.0,Low
302.5,312.0,1574,42.0,188,9.5,66108.0,7896.0,1,7896.0,True,False,0,0,0.0,Low
303.7,311.9,1561,33.3,153,8.199999999999989,51981.3,5094.9,1,5094.9,True,False,0,0,0.005,Low
299.1,310.5,1428,43.0,53,11.399999999999975,61404.0,2279.0,2,2279.0,False,True,0,0,0.0,Low
298.5,309.3,1498,34.6,46,10.800000000000011,51830.8,1591.6,2,1591.6,False,True,0,0,0.0,Low
299.4,309.0,1507,41.0,213,9.600000000000025,61787.0,8733.0,1,8733.0,True,False,0,0,0.015,Low
301.0,311.0,1582,37.5,176,10.0,59325.0,6600.0,1,6600.0,True,False,0,0,0.0,Low
298.4,308.1,1491,50.0,156,9.700000000000044,74550.0,7800.0,1,7800.0,True,False,0,0,0.0,Low
299.3,310.4,1365,53.9,171,11.099999999999966,73573.5,9216.9,1,9216.9,True,False,0,0,0.0,Low
301.7,310.6,1486,38.5,78,8.900000000000034,57211.0,3003.0,1,3003.0,True,False,0,0,0.0,Low
302.9,312.3,1578,36.3,141,9.400000000000034,57281.4,5118.299999999999,1,5118.299999999999,True,False,0,0,0.0,Low
297.9,307.8,1635,34.0,142,9.900000000000034,55590.0,4828.0,0,4828.0,False,False,0,0,0.0,Low
301.4,310.9,1536,38.3,9,9.5,58828.8,344.7,1,344.7,True,False,0,0,0.0,Low
303.9,313.2,1570,40.7,74,9.300000000000011,63899.00000000001,3011.8,2,3011.8,False,True,0,0,0.0,Low
300.4,311.2,1406,43.6,22,10.800000000000011,61301.6,959.2,1,959.2,True,False,0,0,0.005,Low
301.5,310.5,1623,33.5,157,9.0,54370.5,5259.5,2,5259.5,False,True,0,0,0.0,Low
299.6,310.1,1553,38.0,83,10.5,59014.0,3154.0,1,3154.0,True,False,0,0,0.0,Low
298.3,307.7,1465,49.4,109,9.399999999999975,72371.0,5384.599999999999,1,5384.599999999999,True,False,0,0,0.0,Low
298.3,310.1,1509,37.6,85,11.800000000000011,56738.4,3196.0,0,3196.0,False,False,0,0,0.0,Low
300.8,311.2,1429,52.3,77,10.399999999999975,74736.7,4027.1,2,4027.1,False,True,0,0,0.005,Low
298.5,309.3,1551,34.7,121,10.800000000000011,53819.7,4198.700000000001,2,4198.700000000001,False,True,0,0,0.0,Low
303.9,313.2,1345,48.2,77,9.300000000000011,64829.00000000001,3711.4,1,3711.4,True,False,0,0,0.0,Low
302.0,309.9,1407,52.8,154,7.899999999999977,74289.59999999999,8131.2,1,8131.2,True,False,0,0,0.03,Low
299.3,309.0,1449,46.5,121,9.699999999999989,67378.5,5626.5,1,5626.5,True,False,0,0,0.0,Low
302.3,311.0,1384,49.7,192,8.699999999999989,68784.8,9542.4,2,9542.4,False,True,0,0,0.02,Low
302.1,310.7,1294,62.4,101,8.599999999999966,80745.59999999999,6302.4,0,6302.4,False,False,1,0,0.455,Medium
301.5,310.7,1408,47.3,79,9.199999999999989,66598.4,3736.7,1,3736.7,True,False,0,0,0.0,Low
300.4,311.7,1373,47.2,3,11.300000000000011,64805.600000000006,141.60000000000002,1,141.60000000000002,True,False,0,0,0.0,Low
300.2,310.1,1550,38.7,45,9.900000000000034,59985.00000000001,1741.5000000000002,2,1741.5000000000002,False,True,0,0,0.0,Low
299.2,308.6,1582,38.8,156,9.400000000000034,61381.6,6052.799999999999,1,6052.799999999999,True,False,0,0,0.0,Low
297.3,308.2,1601,35.7,9,10.899999999999975,57155.7,321.3,1,321.3,True,False,0,0,0.0,Low
298.1,307.6,1764,27.7,23,9.5,48862.8,637.1,2,637.1,False,True,0,0,0.0,Low
302.5,311.2,1227,60.1,167,8.699999999999989,73742.7,10036.7,1,10036.7,True,False,0,0,0.155,Low
300.1,310.4,1556,38.1,92,10.299999999999956,59283.600000000006,3505.2000000000003,2,3505.2000000000003,False,True,0,0,0.0,Low
298.9,310.1,1523,39.1,53,11.200000000000044,59549.3,2072.3,1,2072.3,True,False,0,0,0.0,Low
298.7,308.5,1467,40.7,106,9.800000000000011,59706.9,4314.200000000001,1,4314.200000000001,True,False,0,0,0.0,Low
303.7,312.3,1756,26.4,190,8.600000000000023,46358.4,5016.0,2,5016.0,False,True,0,0,0.0,Low
300.6,309.8,1418,42.7,147,9.199999999999989,60548.600000000006,6276.900000000001,1,6276.900000000001,True,False,0,0,0.0,Low
300.0,311.5,1451,49.0,115,11.5,71099.0,5635.0,2,5635.0,False,True,0,0,0.0,Low
300.0,311.4,1537,35.4,120,11.399999999999975,54409.8,4248.0,2,4248.0,False,True,0,0,0.0,Low
297.5,308.3,1437,42.3,29,10.800000000000011,60785.1,1226.6999999999998,1,1226.6999999999998,True,False,0,0,0.0,Low
300.3,311.5,1552,38.9,23,11.199999999999989,60372.8,894.6999999999999,1,894.6999999999999,True,False,0,0,0.0,Low
303.3,311.8,1649,29.4,49,8.5,48480.6,1440.6,0,1440.6,False,False,0,0,0.0,Low
300.7,309.9,1815,27.0,190,9.199999999999989,49005.0,5130.0,1,5130.0,True,False,0,0,0.005,Low
298.9,309.6,1663,33.7,195,10.700000000000044,56043.100000000006,6571.500000000001,1,6571.500000000001,True,False,0,0,0.005,Low
295.6,306.2,1428,44.5,51,10.599999999999966,63546.0,2269.5,1,2269.5,True,False,0,0,0.005,Low
300.6,310.2,1447,45.9,17,9.599999999999966,66417.3,780.3,1,780.3,True,False,0,0,0.0,Low
301.3,310.6,1510,38.5,47,9.300000000000011,58135.0,1809.5,1,1809.5,True,False,0,0,0.0,Low
301.8,311.3,1542,40.1,142,9.5,61834.2,5694.2,2,5694.2,False,True,0,0,0.0,Low
302.0,310.4,1336,58.2,110,8.399999999999977,77755.2,6402.0,1,6402.0,True,False,1,1,0.82,High
304.4,313.6,1507,43.1,13,9.200000000000044,64951.7,560.3000000000001,1,560.3000000000001,True,False,0,0,0.005,Low
301.3,311.1,1624,40.9,0,9.800000000000011,66421.59999999999,0.0,1,0.0,True,False,0,0,0.0,Low
298.7,308.5,1616,30.2,34,9.800000000000011,48803.2,1026.8,1,1026.8,True,False,0,0,0.0,Low
298.1,309.0,2042,17.8,129,10.899999999999975,36347.6,2296.2000000000003,2,2296.2000000000003,False,True,0,0,0.0,Low
300.1,311.4,1729,29.3,71,11.299999999999956,50659.7,2080.3,1,2080.3,True,False,0,0,0.0,Low
298.8,309.9,1739,30.6,83,11.099999999999966,53213.4,2539.8,1,2539.8,True,False,0,0,0.0,Low
297.4,308.4,2151,17.7,0,11.0,38072.7,0.0,1,0.0,True,False,0,0,0.005,Low
298.9,310.2,1359,56.9,166,11.300000000000011,77327.09999999999,9445.4,1,9445.4,True,False,0,0,0.0,Low
299.0,308.9,1615,30.6,14,9.899999999999975,49419.0,428.4,1,428.4,True,False,0,0,0.0,Low
296.3,307.3,1567,31.4,5,11.0,49203.8,157.0,1,157.0,True,False,0,0,0.0,Low
298.8,309.7,2098,19.0,133,10.899999999999975,39862.0,2527.0,2,2527.0,False,True,0,0,0.005,Low
303.0,312.6,1451,42.1,125,9.600000000000025,61087.1,5262.5,1,5262.5,True,False,0,0,0.0,Low
304.0,313.2,1314,47.1,144,9.199999999999989,61889.4,6782.400000000001,1,6782.400000000001,True,False,0,0,0.0,Low
297.9,307.9,1412,44.5,85,10.0,62834.0,3782.5,1,3782.5,True,False,0,0,0.025,Low
300.5,312.0,1498,42.9,25,11.5,64264.2,1072.5,1,1072.5,True,False,0,0,0.0,Low
301.4,310.0,1689,32.1,207,8.600000000000023,54216.9,6644.700000000001,2,6644.700000000001,False,True,0,0,0.045,Low
297.2,308.3,1379,52.1,21,11.100000000000025,71845.90000000001,1094.1,1,1094.1,True,False,0,0,0.0,Low
304.4,313.6,1568,39.1,0,9.200000000000044,61308.8,0.0,1,0.0,True,False,0,0,0.0,Low
302.9,311.2,2102,17.8,91,8.300000000000011,37415.6,1619.8,0,1619.8,False,False,0,0,0.0,Low
300.9,310.7,1359,46.0,151,9.800000000000011,62514.0,6946.0,1,6946.0,True,False,0,0,0.0,Low
301.9,309.7,1595,31.4,133,7.800000000000011,50083.0,4176.2,1,4176.2,True,False,0,0,0.0,Low
298.1,309.4,1397,48.2,63,11.299999999999956,67335.40000000001,3036.6000000000004,1,3036.6000000000004,True,False,0,0,0.0,Low
298.0,307.9,1482,37.8,132,9.899999999999975,56019.6,4989.599999999999,0,4989.599999999999,False,False,0,0,0.0,Low
297.4,308.3,1336,53.7,61,10.900000000000034,71743.2,3275.7000000000003,1,3275.7000000000003,True,False,0,0,0.0,Low
300.7,310.6,1484,38.0,84,9.900000000000034,56392.0,3192.0,2,3192.0,False,True,0,0,0.0,Low
296.9,308.0,1713,29.3,13,11.100000000000025,50190.9,380.9,1,380.9,True,False,0,0,0.0,Low
298.2,307.9,1769,27.2,188,9.699999999999989,48116.8,5113.599999999999,1,5113.599999999999,True,False,0,0,0.0,Low
299.9,311.3,1389,50.0,55,11.400000000000034,69450.0,2750.0,2,2750.0,False,True,0,0,0.0,Low
298.0,308.2,2090,19.0,143,10.199999999999989,39710.0,2717.0,2,2717.0,False,True,0,0,0.0,Low
301.0,310.8,1527,45.3,8,9.800000000000011,69173.09999999999,362.4,1,362.4,True,False,0,0,0.005,Low
300.3,311.5,1466,46.2,62,11.199999999999989,67729.2,2864.4,1,2864.4,True,False,0,0,0.0,Low
301.8,310.3,1688,28.8,31,8.5,48614.4,892.8000000000001,1,892.8000000000001,True,False,0,0,0.0,Low
299.9,310.5,1335,52.9,180,10.600000000000025,70621.5,9522.0,2,9522.0,False,True,0,0,0.0,Low
299.8,309.7,1556,37.7,124,9.899999999999975,58661.2,4674.8,2,4674.8,False,True,0,0,0.0,Low
298.3,307.8,1457,52.5,98,9.5,76492.5,5145.0,2,5145.0,False,True,0,0,0.0,Low
303.9,313.3,1526,40.7,164,9.400000000000034,62108.2,6674.8,1,6674.8,True,False,0,0,0.0,Low
298.8,308.6,1507,42.3,207,9.800000000000011,63746.1,8756.099999999999,2,8756.099999999999,False,True,0,0,0.01,Low
297.5,308.9,1581,30.4,155,11.399999999999975,48062.4,4712.0,1,4712.0,True,False,0,0,0.0,Low
300.4,311.4,1604,31.7,119,11.0,50846.8,3772.3,2,3772.3,False,True,0,0,0.0,Low
300.8,309.7,1519,35.8,14,8.899999999999977,54380.2,501.19999999999993,1,501.19999999999993,True,False,0,0,0.0,Low
302.2,311.2,1451,41.8,66,9.0,60651.8,2758.8,1,2758.8,True,False,0,0,0.005,Low
301.5,310.7,1744,28.2,61,9.199999999999989,49180.8,1720.2,2,1720.2,False,True,0,0,0.0,Low
301.9,310.4,1286,62.8,22,8.5,80760.8,1381.6,1,1381.6,True,False,1,1,0.67,Medium
299.5,310.7,1472,40.9,104,11.199999999999989,60204.8,4253.599999999999,1,4253.599999999999,True,False,0,0,0.0,Low
299.3,308.7,1408,44.4,82,9.399999999999975,62515.2,3640.8,0,3640.8,False,False,0,0,0.0,Low
299.9,310.9,1292,51.1,173,11.0,66021.2,8840.300000000001,1,8840.300000000001,True,False,0,0,0.01,Low
298.7,309.9,1372,54.7,44,11.199999999999989,75048.40000000001,2406.8,1,2406.8,True,False,0,0,0.0,Low
303.5,312.0,1761,25.8,105,8.5,45433.8,2709.0,1,2709.0,True,False,0,0,0.0,Low
299.6,311.1,1521,37.2,131,11.5,56581.2,4873.200000000001,1,4873.200000000001,True,False,0,0,0.0,Low
303.2,312.5,1518,39.9,146,9.300000000000011,60568.2,5825.4,1,5825.4,True,False,0,0,0.0,Low
303.0,311.2,1800,23.7,61,8.199999999999989,42660.0,1445.7,1,1445.7,True,False,0,0,0.0,Low
302.3,311.7,1456,45.4,130,9.399999999999975,66102.4,5902.0,0,5902.0,False,False,0,0,0.0,Low
300.7,310.5,1357,52.6,199,9.800000000000011,71378.2,10467.4,1,10467.4,True,False,0,0,0.005,Low
301.9,310.9,1573,38.9,209,9.0,61189.7,8130.099999999999,2,8130.099999999999,False,True,0,0,0.115,Low
301.6,310.6,1834,23.5,146,9.0,43099.0,3431.0,1,3431.0,True,False,0,0,0.0,Low
299.4,309.3,1439,49.7,9,9.900000000000034,71518.3,447.3,0,447.3,False,False,0,0,0.015,Low
298.7,310.2,1402,45.9,30,11.5,64351.8,1377.0,1,1377.0,True,False,0,0,0.005,Low
300.6,309.6,1423,49.1,74,9.0,69869.3,3633.4,1,3633.4,True,False,0,0,0.0,Low
298.9,310.4,1533,44.4,24,11.5,68065.2,1065.6,2,1065.6,False,True,0,0,0.0,Low
299.1,308.3,1533,42.4,48,9.199999999999989,64999.2,2035.2,1,2035.2,True,False,0,0,0.0,Low
302.4,310.2,1642,28.3,88,7.800000000000011,46468.6,2490.4,1,2490.4,True,False,0,0,0.0,Low
302.4,310.9,1349,46.1,148,8.5,62188.9,6822.8,1,6822.8,True,False,1,1,0.85,High
302.0,310.4,1895,23.2,161,8.399999999999977,43964.0,3735.2,1,3735.2,True,False,0,0,0.0,Low
302.3,311.9,1374,52.4,154,9.599999999999966,71997.59999999999,8069.599999999999,0,8069.599999999999,False,False,0,0,0.025,Low
300.8,310.2,1520,37.7,193,9.399999999999975,57304.00000000001,7276.1,1,7276.1,True,False,0,0,0.0,Low
304.1,313.5,1428,39.9,88,9.399999999999975,56977.2,3511.2,2,3511.2,False,True,0,0,0.0,Low
302.0,310.4,1357,58.0,108,8.399999999999977,78706.0,6264.0,1,6264.0,True,False,1,1,0.76,High
302.2,311.7,1412,44.5,204,9.5,62834.0,9078.0,1,9078.0,True,False,0,0,0.01,Low
297.2,308.5,1518,44.3,163,11.300000000000011,67247.4,7220.9,1,7220.9,True,False,0,0,0.0,Low
300.5,310.6,1543,36.2,30,10.100000000000025,55856.600000000006,1086.0,1,1086.0,True,False,0,0,0.0,Low
303.9,313.1,1473,42.8,97,9.200000000000044,63044.4,4151.599999999999,2,4151.599999999999,False,True,0,0,0.0,Low
303.9,313.1,1491,37.2,195,9.200000000000044,55465.2,7254.000000000001,1,7254.000000000001,True,False,0,0,0.0,Low
298.2,309.0,1371,55.7,23,10.800000000000011,76364.7,1281.1,0,1281.1,False,False,0,0,0.0,Low
302.3,311.2,1507,47.7,70,8.899999999999977,71883.90000000001,3339.0,2,3339.0,False,True,0,0,0.0,Low
299.3,308.6,1744,26.4,33,9.300000000000011,46041.6,871.1999999999999,1,871.1999999999999,True,False,0,0,0.0,Low
299.9,310.3,1535,43.9,154,10.400000000000034,67386.5,6760.599999999999,0,6760.599999999999,False,False,0,0,0.0,Low
303.6,312.2,1371,54.6,112,8.599999999999966,74856.6,6115.2,0,6115.2,False,False,1,0,0.22,Low
301.3,311.2,1438,42.4,7,9.899999999999975,60971.2,296.8,2,296.8,False,True,0,0,0.0,Low
299.0,310.3,1303,68.6,111,11.300000000000011,89385.79999999999,7614.599999999999,2,7614.599999999999,False,True,1,1,0.78,High
300.7,309.6,1925,20.5,9,8.900000000000034,39462.5,184.5,0,184.5,False,False,0,0,0.0,Low
298.8,309.2,1452,48.6,98,10.399999999999975,70567.2,4762.8,2,4762.8,False,True,0,0,0.0,Low
299.2,310.3,1610,33.3,233,11.100000000000025,53612.99999999999,7758.9,1,7758.9,True,False,0,0,0.13,Low
303.4,312.7,1534,35.5,98,9.300000000000011,54457.0,3479.0,1,3479.0,True,False,0,0,0.0,Low
297.5,308.9,1469,44.0,185,11.399999999999975,64636.0,8140.0,1,8140.0,True,False,0,0,0.0,Low
303.1,311.3,2056,19.7,167,8.199999999999989,40503.2,3289.9,0,3289.9,False,False,0,0,0.0,Low
299.7,310.6,1572,38.0,139,10.900000000000034,59736.0,5282.0,2,5282.0,False,True,0,0,0.0,Low
302.4,311.8,1451,42.0,110,9.400000000000034,60942.0,4620.0,1,4620.0,True,False,0,0,0.0,Low
298.7,309.6,1800,24.8,78,10.900000000000034,44640.0,1934.4,2,1934.4,False,True,0,0,0.0,Low
302.8,312.1,1487,36.6,84,9.300000000000011,54424.2,3074.4,1,3074.4,True,False,0,0,0.0,Low
299.6,311.0,1552,33.2,139,11.399999999999975,51526.4,4614.8,1,4614.8,True,False,0,0,0.0,Low
295.8,306.5,1641,32.2,101,10.699999999999989,52840.2,3252.2000000000003,2,3252.2000000000003,False,True,0,0,0.0,Low
299.1,310.1,1570,30.9,226,11.0,48513.0,6983.4,2,6983.4,False,True,0,0,0.19,Low
297.2,308.6,1578,34.4,76,11.400000000000034,54283.2,2614.4,1,2614.4,True,False,0,0,0.0,Low
300.9,310.4,1457,43.8,69,9.5,63816.6,3022.2,0,3022.2,False,False,0,0,0.0,Low
301.5,311.1,1469,49.5,107,9.600000000000025,72715.5,5296.5,1,5296.5,True,False,0,0,0.0,Low
301.4,311.1,1462,37.1,41,9.700000000000044,54240.2,1521.1,1,1521.1,True,False,0,0,0.0,Low
300.9,311.9,1513,38.0,38,11.0,57494.0,1444.0,0,1444.0,False,False,0,0,0.0,Low
302.2,311.5,1424,45.2,39,9.300000000000011,64364.8,1762.8000000000002,1,1762.8000000000002,True,False,0,0,0.005,Low
300.8,310.4,1368,46.8,21,9.599999999999966,64022.4,982.8,1,982.8,True,False,0,0,0.005,Low
301.5,310.5,1466,48.1,189,9.0,70514.6,9090.9,1,9090.9,True,False,0,0,0.0,Low
302.1,310.7,1376,46.3,210,8.599999999999966,63708.8,9723.0,2,9723.0,False,True,1,1,0.535,Medium
298.8,309.6,1309,57.4,185,10.800000000000011,75136.59999999999,10619.0,0,10619.0,False,False,0,0,0.015,Low
300.2,311.5,1383,42.1,60,11.300000000000011,58224.3,2526.0,1,2526.0,True,False,0,0,0.0,Low
298.7,309.6,1452,42.7,180,10.900000000000034,62000.4,7686.000000000001,2,7686.000000000001,False,True,0,0,0.0,Low
302.6,310.4,1478,47.7,189,7.799999999999954,70500.6,9015.3,1,9015.3,True,False,0,0,0.025,Low
300.8,310.6,1545,37.5,155,9.800000000000011,57937.5,5812.5,2,5812.5,False,True,0,0,0.0,Low
297.1,308.3,1763,25.7,139,11.199999999999989,45309.1,3572.3,1,3572.3,True,False,0,0,0.0,Low
300.0,311.4,1641,34.5,155,11.399999999999975,56614.5,5347.5,0,5347.5,False,False,0,0,0.0,Low
300.7,309.5,1622,30.5,14,8.800000000000011,49471.0,427.0,2,427.0,False,True,0,0,0.0,Low
297.4,308.5,1501,44.9,20,11.100000000000025,67394.9,898.0,1,898.0,True,False,0,0,0.0,Low
300.2,311.0,1627,33.7,147,10.800000000000011,54829.9,4953.900000000001,1,4953.900000000001,True,False,0,0,0.0,Low
302.4,311.9,1452,43.1,137,9.5,62581.2,5904.7,1,5904.7,True,False,0,0,0.0,Low
303.9,313.1,1514,41.1,121,9.200000000000044,62225.4,4973.1,2,4973.1,False,True,0,0,0.0,Low
297.3,308.4,1472,41.3,67,11.099999999999966,60793.6,2767.1,1,2767.1,True,False,0,0,0.0,Low
298.9,310.0,1470,45.9,109,11.100000000000025,67473.0,5003.099999999999,1,5003.099999999999,True,False,0,0,0.0,Low
302.3,311.2,1546,40.0,71,8.899999999999977,61840.0,2840.0,2,2840.0,False,True,0,0,0.0,Low
297.2,308.7,1463,49.9,146,11.5,73003.7,7285.4,1,7285.4,True,False,0,0,0.0,Low
301.5,310.6,1481,46.8,20,9.100000000000025,69310.8,936.0,1,936.0,True,False,0,0,0.015,Low
299.2,310.2,1609,33.2,156,11.0,53418.8,5179.200000000001,1,5179.200000000001,True,False,0,0,0.0,Low
300.0,309.6,1571,33.1,65,9.600000000000025,52000.100000000006,2151.5,1,2151.5,True,False,0,0,0.0,Low
298.9,309.9,1449,44.1,112,11.0,63900.9,4939.2,2,4939.2,False,True,0,0,0.0,Low
299.2,310.6,1675,33.3,28,11.400000000000034,55777.49999999999,932.4,1,932.4,True,False,0,0,0.0,Low
302.3,310.9,1529,33.4,62,8.599999999999966,51068.6,2070.8,1,2070.8,True,False,0,0,0.0,Low
300.9,310.9,1228,66.4,109,10.0,81539.20000000001,7237.6,1,7237.6,True,False,0,0,0.185,Low
300.3,311.7,1374,47.9,222,11.399999999999975,65814.59999999999,10633.8,2,10633.8,False,True,1,0,0.055,Low
297.4,308.7,1545,36.9,125,11.300000000000011,57010.5,4612.5,1,4612.5,True,False,0,0,0.0,Low
300.2,310.4,1202,61.7,74,10.199999999999989,74163.40000000001,4565.8,2,4565.8,False,True,0,0,0.01,Low
298.1,308.7,1556,31.6,145,10.599999999999966,49169.600000000006,4582.0,1,4582.0,True,False,0,0,0.0,Low
300.6,309.4,1452,39.4,78,8.799999999999955,57208.8,3073.2,2,3073.2,False,True,0,0,0.0,Low
299.9,309.4,1858,22.5,22,9.5,41805.0,495.0,1,495.0,True,False,0,0,0.0,Low
298.2,309.0,1694,28.0,5,10.800000000000011,47432.0,140.0,2,140.0,False,True,0,0,0.0,Low
302.6,311.9,1598,35.5,69,9.299999999999956,56729.0,2449.5,1,2449.5,True,False,0,0,0.0,Low
301.4,310.7,1516,36.4,83,9.300000000000011,55182.4,3021.2,0,3021.2,False,False,0,0,0.0,Low
298.1,307.7,1767,27.0,127,9.599999999999966,47709.0,3429.0,1,3429.0,True,False,0,0,0.0,Low
297.6,308.3,1658,34.3,59,10.699999999999989,56869.4,2023.7,1,2023.7,True,False,0,0,0.0,Low
298.8,309.9,1568,33.7,13,11.099999999999966,52841.600000000006,438.1,1,438.1,True,False,0,0,0.0,Low
300.3,309.5,1438,44.0,59,9.199999999999989,63272.0,2596.0,0,2596.0,False,False,0,0,0.005,Low
300.6,310.5,1570,38.3,14,9.899999999999975,60130.99999999999,536.1999999999999,1,536.1999999999999,True,False,0,0,0.0,Low
300.7,310.8,1296,58.2,204,10.100000000000025,75427.2,11872.8,0,11872.8,False,False,0,0,0.375,Low
300.0,311.3,1407,47.3,208,11.300000000000011,66551.09999999999,9838.4,1,9838.4,True,False,0,0,0.085,Low
296.6,307.5,1582,37.9,197,10.899999999999975,59957.8,7466.299999999999,1,7466.299999999999,True,False,0,0,0.005,Low
303.7,312.6,1711,27.6,170,8.900000000000034,47223.600000000006,4692.0,0,4692.0,False,False,0,0,0.0,Low
299.5,310.9,1577,34.6,159,11.399999999999975,54564.2,5501.400000000001,2,5501.400000000001,False,True,0,0,0.0,Low
297.9,309.1,1521,36.1,15,11.200000000000044,54908.1,541.5,1,541.5,True,False,0,0,0.0,Low
298.5,309.4,1517,40.2,45,10.899999999999975,60983.4,1809.0,1,1809.0,True,False,0,0,0.0,Low
296.8,307.7,1565,40.1,89,10.899999999999975,62756.5,3568.9,1,3568.9,True,False,0,0,0.0,Low
298.9,308.3,1855,23.8,33,9.400000000000034,44149.0,785.4,1,785.4,True,False,0,0,0.0,Low
297.5,309.4,1803,24.7,98,11.899999999999975,44534.1,2420.6,1,2420.6,True,False,0,0,0.0,Low
300.2,309.4,1526,35.3,46,9.199999999999989,53867.8,1623.8,1,1623.8,True,False,0,0,0.0,Low
300.6,309.7,1470,43.8,18,9.099999999999966,64385.99999999999,788.4,0,788.4,False,False,0,0,0.0,Low
298.9,309.3,1375,42.7,58,10.400000000000034,58712.50000000001,2476.6000000000004,0,2476.6000000000004,False,False,0,0,0.0,Low
301.2,310.4,1515,38.4,51,9.199999999999989,58176.0,1958.4,1,1958.4,True,False,0,0,0.0,Low
302.3,311.4,1571,32.7,17,9.099999999999966,51371.7,555.9000000000001,2,555.9000000000001,False,True,0,0,0.0,Low
299.5,308.9,1448,42.9,74,9.399999999999975,62119.2,3174.6,2,3174.6,False,True,0,0,0.0,Low
302.7,312.2,1572,34.4,228,9.5,54076.8,7843.2,1,7843.2,True,False,0,0,0.23,Low
299.5,309.2,1872,22.6,162,9.699999999999989,42307.2,3661.2,0,3661.2,False,False,0,0,0.0,Low
299.4,308.9,1440,42.5,87,9.5,61200.0,3697.5,1,3697.5,True,False,0,0,0.0,Low
298.6,309.7,1925,22.1,7,11.099999999999966,42542.5,154.70000000000002,1,154.70000000000002,True,False,0,0,0.005,Low
303.9,312.9,1430,53.5,189,9.0,76505.0,10111.5,2,10111.5,False,True,0,0,0.065,Low
300.8,310.7,1339,59.1,203,9.899999999999975,79134.90000000001,11997.3,1,11997.3,True,False,1,1,0.955,Critical
300.4,311.4,1552,28.8,135,11.0,44697.6,3888.0,1,3888.0,True,False,0,0,0.0,Low
298.7,309.9,1483,32.8,142,11.199999999999989,48642.4,4657.599999999999,1,4657.599999999999,True,False,0,0,0.015,Low
300.5,311.5,1499,37.6,73,11.0,56362.4,2744.8,1,2744.8,True,False,0,0,0.0,Low
297.7,308.9,1516,33.7,92,11.199999999999989,51089.2,3100.4,1,3100.4,True,False,0,0,0.0,Low
297.2,308.2,1405,42.5,204,11.0,59712.5,8670.0,2,8670.0,False,True,0,0,0.025,Low
301.6,310.5,1809,25.5,40,8.899999999999977,46129.5,1020.0,1,1020.0,True,False,0,0,0.0,Low
299.3,310.8,1391,46.9,21,11.5,65237.9,984.9,1,984.9,True,False,0,0,0.005,Low
301.3,310.4,1459,44.7,92,9.099999999999966,65217.3,4112.400000000001,1,4112.400000000001,True,False,0,0,0.0,Low
302.7,312.4,1423,51.9,60,9.699999999999989,73853.7,3114.0,1,3114.0,True,False,0,0,0.0,Low
301.7,310.8,1493,47.6,145,9.100000000000025,71066.8,6902.0,1,6902.0,True,False,0,0,0.0,Low
300.9,309.7,1431,41.4,199,8.800000000000011,59243.4,8238.6,1,8238.6,True,False,0,0,0.0,Low
299.1,310.6,1921,23.9,158,11.5,45911.9,3776.2,1,3776.2,True,False,0,0,0.0,Low
300.7,309.5,1667,30.5,29,8.800000000000011,50843.5,884.5,0,884.5,False,False,0,0,0.0,Low
298.1,308.0,1652,28.5,63,9.899999999999975,47082.0,1795.5,1,1795.5,True,False,0,0,0.0,Low
302.3,311.7,1540,28.9,149,9.399999999999975,44506.0,4306.099999999999,2,4306.099999999999,False,True,0,0,0.015,Low
300.4,309.8,1517,40.3,149,9.400000000000034,61135.1,6004.7,2,6004.7,False,True,0,0,0.0,Low
301.5,310.4,1486,39.6,144,8.899999999999977,58845.6,5702.400000000001,2,5702.400000000001,False,True,0,0,0.0,Low
302.0,310.8,1447,42.7,229,8.800000000000011,61786.9,9778.3,1,9778.3,True,False,0,0,0.105,Low
298.0,308.3,1405,56.2,218,10.300000000000011,78961.0,12251.6,1,12251.6,True,False,1,1,0.91,Critical
300.9,310.8,1517,44.3,4,9.900000000000034,67203.09999999999,177.2,1,177.2,True,False,0,0,0.0,Low
297.8,309.0,1434,43.3,96,11.199999999999989,62092.2,4156.799999999999,2,4156.799999999999,False,True,0,0,0.0,Low
300.3,311.8,1547,39.7,121,11.5,61415.9,4803.700000000001,1,4803.700000000001,True,False,0,0,0.0,Low
296.9,307.6,1514,35.7,100,10.700000000000044,54049.8,3570.0000000000005,1,3570.0000000000005,True,False,0,0,0.0,Low
300.8,311.3,1782,26.9,116,10.5,47935.8,3120.4,1,3120.4,True,False,0,0,0.0,Low
297.0,308.1,1355,43.7,217,11.100000000000025,59213.50000000001,9482.9,1,9482.9,True,False,0,0,0.2,Low
302.6,311.6,1311,53.2,0,9.0,69745.2,0.0,1,0.0,True,False,0,0,0.055,Low
300.8,311.7,1468,38.7,39,10.899999999999975,56811.600000000006,1509.3000000000002,0,1509.3000000000002,False,False,0,0,0.0,Low
303.4,311.4,1606,29.6,122,8.0,47537.600000000006,3611.2,2,3611.2,False,True,0,0,0.0,Low
302.5,312.0,1445,54.8,0,9.5,79186.0,0.0,2,0.0,False,True,0,0,0.02,Low
299.5,310.8,1754,31.3,114,11.300000000000011,54900.2,3568.2000000000003,2,3568.2000000000003,False,True,0,0,0.0,Low
298.1,308.6,1439,44.9,205,10.5,64611.1,9204.5,1,9204.5,True,False,0,0,0.085,Low
301.0,310.7,1517,40.2,171,9.699999999999989,60983.4,6874.200000000001,2,6874.200000000001,False,True,0,0,0.0,Low
298.5,309.7,1613,36.7,0,11.199999999999989,59197.100000000006,0.0,1,0.0,True,False,0,0,0.01,Low
300.1,311.5,1383,49.1,33,11.399999999999975,67905.3,1620.3,0,1620.3,False,False,0,0,0.01,Low
298.2,308.2,1407,47.1,153,10.0,66269.7,7206.3,1,7206.3,True,False,0,0,0.0,Low
297.3,309.0,1548,37.4,171,11.699999999999989,57895.2,6395.4,1,6395.4,True,False,0,0,0.0,Low
300.3,311.6,1359,54.1,81,11.300000000000011,73521.90000000001,4382.1,2,4382.1,False,True,0,0,0.0,Low
295.9,306.4,1575,28.5,74,10.5,44887.5,2109.0,1,2109.0,True,False,0,0,0.0,Low
299.0,310.2,1412,44.1,246,11.199999999999989,62269.2,10848.6,1,10848.6,True,False,0,0,0.11,Low
299.4,309.3,1485,47.1,209,9.900000000000034,69943.5,9843.9,2,9843.9,False,True,0,0,0.025,Low
302.5,312.0,1574,33.8,63,9.5,53201.2,2129.4,1,2129.4,True,False,0,0,0.0,Low
301.3,310.7,1594,34.1,172,9.399999999999975,54355.4,5865.2,1,5865.2,True,False,0,0,0.0,Low
303.6,312.6,1699,27.9,160,9.0,47402.1,4464.0,1,4464.0,True,False,0,0,0.0,Low
300.2,309.4,1527,37.0,194,9.199999999999989,56499.0,7178.0,1,7178.0,True,False,0,0,0.0,Low
299.4,309.2,1470,44.4,135,9.800000000000011,65268.0,5994.0,2,5994.0,False,True,0,0,0.0,Low
297.9,307.8,1303,59.3,75,9.900000000000034,77267.9,4447.5,2,4447.5,False,True,0,0,0.0,Low
299.4,309.4,1326,47.5,35,10.0,62985.0,1662.5,2,1662.5,False,True,0,0,0.0,Low
300.8,311.7,1426,45.5,16,10.899999999999975,64883.0,728.0,1,728.0,True,False,0,0,0.005,Low
299.5,310.8,1873,22.3,211,11.300000000000011,41767.9,4705.3,1,4705.3,True,False,0,0,0.17,Low
302.2,311.1,1630,34.6,94,8.900000000000034,56398.0,3252.4,1,3252.4,True,False,0,0,0.0,Low
297.4,308.7,1323,51.1,130,11.300000000000011,67605.3,6643.0,0,6643.0,False,False,0,0,0.005,Low
297.8,308.9,1530,37.6,106,11.099999999999966,57528.0,3985.6,1,3985.6,True,False,0,0,0.0,Low
300.0,309.3,1395,56.5,122,9.300000000000011,78817.5,6893.0,1,6893.0,True,False,0,0,0.0,Low
300.4,310.1,1503,42.2,196,9.700000000000044,63426.600000000006,8271.2,1,8271.2,True,False,0,0,0.0,Low
303.5,312.9,1275,64.4,113,9.399999999999975,82110.0,7277.200000000001,1,7277.200000000001,True,False,0,0,0.075,Low
299.8,311.1,1588,38.0,183,11.300000000000011,60344.0,6954.0,1,6954.0,True,False,0,0,0.0,Low
301.2,311.6,1423,48.0,199,10.400000000000034,68304.0,9552.0,2,9552.0,False,True,0,0,0.0,Low
298.2,307.9,1544,31.4,192,9.699999999999989,48481.6,6028.799999999999,1,6028.799999999999,True,False,0,0,0.01,Low
298.4,309.6,1710,27.3,163,11.200000000000044,46683.0,4449.900000000001,1,4449.900000000001,True,False,1,0,0.0,Low
298.2,307.8,1355,59.4,115,9.600000000000025,80487.0,6831.0,1,6831.0,True,False,0,0,0.0,Low
297.5,308.9,1696,30.9,133,11.399999999999975,52406.4,4109.7,1,4109.7,True,False,0,0,0.0,Low
301.5,310.6,1447,41.9,140,9.100000000000025,60629.3,5866.0,2,5866.0,False,True,0,0,0.0,Low
300.3,311.8,2141,18.5,204,11.5,39608.5,3774.0,0,3774.0,False,False,0,0,0.04,Low
298.0,307.5,1387,45.5,166,9.5,63108.5,7553.0,2,7553.0,False,True,0,0,0.0,Low
296.9,307.8,1392,43.9,0,10.900000000000034,61108.8,0.0,2,0.0,False,True,0,0,0.005,Low
301.8,310.7,1523,43.3,60,8.899999999999977,65945.9,2598.0,1,2598.0,True,False,0,0,0.0,Low
298.2,309.1,1539,36.5,134,10.900000000000034,56173.5,4891.0,1,4891.0,True,False,0,0,0.0,Low
298.4,309.7,1419,41.3,159,11.300000000000011,58604.7,6566.7,1,6566.7,True,False,0,0,0.0,Low
303.9,313.2,1680,29.1,201,9.300000000000011,48888.0,5849.1,0,5849.1,False,False,0,0,0.025,Low
303.5,312.2,1511,37.1,27,8.699999999999989,56058.1,1001.7,1,1001.7,True,False,0,0,0.0,Low
297.7,308.2,1500,39.9,158,10.5,59850.0,6304.2,1,6304.2,True,False,0,0,0.0,Low
297.3,308.3,1471,38.2,37,11.0,56192.2,1413.4,1,1413.4,True,False,0,0,0.0,Low
301.1,309.8,1519,39.6,167,8.699999999999989,60152.4,6613.2,1,6613.2,True,False,0,0,0.0,Low
304.2,313.3,1668,35.7,180,9.100000000000025,59547.600000000006,6426.000000000001,1,6426.000000000001,True,False,0,0,0.005,Low
295.6,306.2,1632,32.2,76,10.599999999999966,52550.4,2447.2000000000003,0,2447.2000000000003,False,False,0,0,0.0,Low
297.5,308.4,1723,27.3,67,10.899999999999975,47037.9,1829.1,1,1829.1,True,False,0,0,0.0,Low
301.1,311.3,1630,29.5,51,10.199999999999989,48085.0,1504.5,1,1504.5,True,False,0,0,0.0,Low
299.8,309.0,1614,30.8,100,9.199999999999989,49711.2,3080.0,1,3080.0,True,False,0,0,0.0,Low
300.2,310.4,1808,25.8,35,10.199999999999989,46646.4,903.0,1,903.0,True,False,0,0,0.0,Low
299.1,308.2,1319,60.3,36,9.099999999999966,79535.7,2170.8,1,2170.8,True,False,0,0,0.0,Low
299.8,309.8,1542,39.4,155,10.0,60754.8,6107.0,1,6107.0,True,False,0,0,0.0,Low
300.2,309.6,1528,35.1,44,9.400000000000034,53632.8,1544.4,2,1544.4,False,True,0,0,0.0,Low
302.0,309.7,1551,34.8,207,7.699999999999989,53974.8,7203.599999999999,1,7203.599999999999,True,False,0,0,0.02,Low
303.6,313.0,1593,31.6,52,9.399999999999975,50338.8,1643.2,1,1643.2,True,False,0,0,0.0,Low
303.5,312.3,1624,34.8,121,8.800000000000011,56515.2,4210.799999999999,2,4210.799999999999,False,True,0,0,0.0,Low
300.3,309.9,1518,36.4,0,9.599999999999966,55255.2,0.0,1,0.0,True,False,0,0,0.0,Low
300.4,311.8,1367,57.2,10,11.400000000000034,78192.40000000001,572.0,1,572.0,True,False,0,0,0.005,Low
298.7,308.5,1444,54.2,62,9.800000000000011,78264.8,3360.4,1,3360.4,True,False,0,0,0.0,Low
302.3,311.6,1784,26.4,79,9.300000000000011,47097.6,2085.6,1,2085.6,True,False,0,0,0.0,Low
295.5,306.1,1488,40.7,31,10.600000000000025,60561.600000000006,1261.7,1,1261.7,True,False,0,0,0.005,Low
303.0,311.2,1592,38.9,188,8.199999999999989,61928.8,7313.2,2,7313.2,False,True,0,0,0.005,Low
299.8,309.2,1491,47.5,216,9.399999999999975,70822.5,10260.0,1,10260.0,True,False,0,0,0.02,Low
300.3,311.1,1480,46.6,185,10.800000000000011,68968.0,8621.0,1,8621.0,True,False,0,0,0.0,Low
301.4,310.8,1389,52.7,125,9.400000000000034,73200.3,6587.5,1,6587.5,True,False,0,0,0.005,Low
300.8,309.4,1489,38.4,109,8.599999999999966,57177.6,4185.599999999999,1,4185.599999999999,True,False,0,0,0.0,Low
298.0,308.1,1339,51.6,197,10.100000000000025,69092.40000000001,10165.2,2,10165.2,False,True,0,0,0.015,Low
301.7,311.0,1474,42.6,164,9.300000000000011,62792.4,6986.400000000001,1,6986.400000000001,True,False,0,0,0.0,Low
298.8,310.0,1530,38.3,53,11.199999999999989,58598.99999999999,2029.9,0,2029.9,False,False,0,0,0.0,Low
302.3,311.7,1281,48.8,0,9.399999999999975,62512.8,0.0,1,0.0,True,False,0,0,0.03,Low
300.9,312.7,1416,43.8,112,11.800000000000011,62020.8,4905.599999999999,1,4905.599999999999,True,False,0,0,0.0,Low
300.9,311.0,1853,23.6,122,10.100000000000025,43730.8,2879.2000000000003,0,2879.2000000000003,False,False,0,0,0.0,Low
300.0,310.1,1762,28.0,202,10.100000000000025,49336.0,5656.0,1,5656.0,True,False,0,0,0.0,Low
297.5,308.4,1433,50.0,218,10.899999999999975,71650.0,10900.0,1,10900.0,True,False,0,0,0.085,Low
300.9,311.0,2003,20.2,138,10.100000000000025,40460.6,2787.6,1,2787.6,True,False,0,0,0.0,Low
300.7,309.5,1733,26.7,108,8.800000000000011,46271.1,2883.6,2,2883.6,False,True,0,0,0.0,Low
299.2,308.9,1447,39.6,22,9.699999999999989,57301.2,871.2,2,871.2,False,True,0,0,0.0,Low
300.2,309.6,1491,41.8,41,9.400000000000034,62323.8,1713.8,2,1713.8,False,True,0,0,0.0,Low
297.5,308.4,1441,44.5,4,10.899999999999975,64124.5,178.0,1,178.0,True,False,0,0,0.0,Low
301.4,310.6,1855,25.3,178,9.200000000000044,46931.5,4503.400000000001,2,4503.400000000001,False,True,0,0,0.0,Low
301.5,311.1,2055,16.8,105,9.600000000000025,34524.0,1764.0,1,1764.0,True,False,0,0,0.0,Low
297.6,308.7,1455,48.2,145,11.099999999999966,70131.0,6989.0,1,6989.0,True,False,0,0,0.0,Low
300.4,310.2,1431,43.2,0,9.800000000000011,61819.2,0.0,0,0.0,False,False,0,0,0.0,Low
301.8,309.5,1732,30.1,220,7.699999999999989,52133.2,6622.0,2,6622.0,False,True,0,0,0.245,Low
300.7,311.7,1532,40.0,0,11.0,61280.0,0.0,2,0.0,False,True,0,0,0.0,Low
300.8,310.7,1452,43.0,139,9.899999999999975,62436.0,5977.0,2,5977.0,False,True,0,0,0.0,Low
302.3,311.5,1530,42.3,21,9.199999999999989,64718.99999999999,888.3,2,888.3,False,True,0,0,0.0,Low
299.3,309.0,1473,46.3,146,9.699999999999989,68199.9,6759.799999999999,1,6759.799999999999,True,False,0,0,0.0,Low
302.5,311.9,1532,38.8,96,9.399999999999975,59441.6,3724.8,2,3724.8,False,True,0,0,0.0,Low
297.5,308.6,1440,38.8,29,11.100000000000025,55871.99999999999,1125.1999999999998,2,1125.1999999999998,False,True,0,0,0.0,Low
302.3,310.1,1388,49.9,48,7.800000000000011,69261.2,2395.2,1,2395.2,True,False,0,0,0.025,Low
298.3,309.4,1468,46.2,10,11.099999999999966,67821.6,462.0,1,462.0,True,False,0,0,0.0,Low
300.6,309.5,1516,39.0,142,8.899999999999977,59124.0,5538.0,1,5538.0,True,False,0,0,0.0,Low
298.0,308.2,1395,49.1,206,10.199999999999989,68494.5,10114.6,2,10114.6,False,True,0,0,0.02,Low
299.3,309.2,2280,15.4,207,9.899999999999975,35112.0,3187.8,1,3187.8,True,False,0,0,0.13,Low
301.4,310.6,1431,40.6,101,9.200000000000044,58098.6,4100.6,2,4100.6,False,True,0,0,0.0,Low
300.2,309.5,1343,50.2,98,9.300000000000011,67418.6,4919.6,1,4919.6,True,False,0,0,0.0,Low
298.5,309.4,1573,33.6,143,10.899999999999975,52852.8,4804.8,0,4804.8,False,False,0,0,0.0,Low
298.9,310.1,1750,25.0,156,11.200000000000044,43750.0,3900.0,1,3900.0,True,False,0,0,0.0,Low
299.7,309.3,1445,42.6,0,9.600000000000025,61557.0,0.0,1,0.0,True,False,0,0,0.0,Low
302.3,311.5,1384,50.8,13,9.199999999999989,70307.2,660.4,1,660.4,True,False,0,0,0.0,Low
296.2,306.8,1389,53.3,132,10.600000000000025,74033.7,7035.599999999999,1,7035.599999999999,True,False,0,0,0.0,Low
301.3,310.3,1313,55.6,127,9.0,73002.8,7061.2,1,7061.2,True,False,0,0,0.0,Low
298.3,309.5,1427,54.3,89,11.199999999999989,77486.09999999999,4832.7,0,4832.7,False,False,0,0,0.0,Low
300.6,310.2,1378,47.3,71,9.599999999999966,65179.4,3358.3,1,3358.3,True,False,0,0,0.0,Low
301.9,310.8,1465,44.3,57,8.900000000000034,64899.49999999999,2525.1,1,2525.1,True,False,0,0,0.0,Low
302.3,310.9,1587,36.6,20,8.599999999999966,58084.2,732.0,1,732.0,True,False,0,0,0.0,Low
297.8,307.6,1352,49.4,102,9.800000000000011,66788.8,5038.8,2,5038.8,False,True,0,0,0.0,Low
298.8,309.1,1368,49.1,117,10.300000000000011,67168.8,5744.7,2,5744.7,False,True,0,0,0.0,Low
303.5,312.7,1694,27.3,40,9.199999999999989,46246.2,1092.0,1,1092.0,True,False,0,0,0.0,Low
298.6,310.1,1439,49.9,17,11.5,71806.09999999999,848.3,1,848.3,True,False,0,0,0.02,Low
300.6,310.2,1519,44.6,69,9.599999999999966,67747.40000000001,3077.4,1,3077.4,True,False,0,0,0.0,Low
301.4,311.0,1533,45.8,125,9.600000000000025,70211.4,5725.0,1,5725.0,True,False,0,0,0.0,Low
298.0,308.7,1392,53.4,104,10.699999999999989,74332.8,5553.599999999999,2,5553.599999999999,False,True,0,0,0.0,Low
300.2,310.2,1378,43.9,193,10.0,60494.2,8472.699999999999,1,8472.699999999999,True,False,0,0,0.01,Low
300.9,311.5,1836,21.8,12,10.600000000000025,40024.8,261.6,2,261.6,False,True,0,0,0.0,Low
303.3,312.5,1968,20.6,130,9.199999999999989,40540.8,2678.0,1,2678.0,True,False,0,0,0.0,Low
302.6,311.6,1227,68.2,187,9.0,83681.40000000001,12753.4,2,12753.4,False,True,1,1,0.795,High
304.1,313.2,1410,42.4,155,9.099999999999966,59784.0,6572.0,2,6572.0,False,True,0,0,0.0,Low
300.1,309.7,1441,40.1,46,9.599999999999966,57784.1,1844.6,1,1844.6,True,False,0,0,0.0,Low
299.2,308.4,1396,48.7,13,9.199999999999989,67985.2,633.1,2,633.1,False,True,0,0,0.0,Low
295.8,306.4,1325,56.2,65,10.599999999999966,74465.0,3653.0,1,3653.0,True,False,0,0,0.0,Low
297.4,309.3,1622,35.0,123,11.900000000000034,56770.0,4305.0,2,4305.0,False,True,0,0,0.0,Low
298.8,310.0,1423,42.1,154,11.199999999999989,59908.3,6483.400000000001,1,6483.400000000001,True,False,0,0,0.0,Low
300.4,311.6,1518,36.4,53,11.200000000000044,55255.2,1929.2,2,1929.2,False,True,0,0,0.0,Low
298.4,308.9,1628,34.9,93,10.5,56817.2,3245.7,1,3245.7,True,False,0,0,0.0,Low
302.1,310.9,1477,41.4,184,8.799999999999955,61147.8,7617.599999999999,1,7617.599999999999,True,False,0,0,0.0,Low
300.1,311.4,1910,23.0,153,11.299999999999956,43930.0,3519.0,1,3519.0,True,False,0,0,0.0,Low
298.3,309.5,1543,49.9,199,11.199999999999989,76995.7,9930.1,2,9930.1,False,True,0,0,0.005,Low
301.3,310.9,1512,36.9,159,9.599999999999966,55792.8,5867.099999999999,2,5867.099999999999,False,True,0,0,0.0,Low
298.5,308.9,1500,40.3,207,10.399999999999975,60449.99999999999,8342.099999999999,0,8342.099999999999,False,False,0,0,0.075,Low
298.2,308.3,1805,31.6,96,10.100000000000025,57038.0,3033.6000000000004,1,3033.6000000000004,True,False,0,0,0.0,Low
297.4,308.0,1440,42.4,190,10.600000000000025,61056.0,8056.0,2,8056.0,False,True,0,0,0.0,Low
300.4,311.4,1352,57.3,116,11.0,77469.59999999999,6646.799999999999,2,6646.799999999999,False,True,0,0,0.005,Low
301.4,310.8,1770,24.1,112,9.400000000000034,42657.0,2699.2000000000003,1,2699.2000000000003,True,False,0,0,0.0,Low
298.5,308.2,1595,32.3,46,9.699999999999989,51518.49999999999,1485.8,1,1485.8,True,False,0,0,0.0,Low
297.8,307.4,1438,43.6,141,9.599999999999966,62696.8,6147.6,2,6147.6,False,True,0,0,0.0,Low
299.8,310.9,1427,47.2,168,11.099999999999966,67354.40000000001,7929.6,0,7929.6,False,False,0,0,0.0,Low
299.2,308.5,1526,37.3,135,9.300000000000011,56919.8,5035.5,2,5035.5,False,True,0,0,0.0,Low
295.8,306.6,1480,43.2,92,10.800000000000011,63936.00000000001,3974.4,2,3974.4,False,True,0,0,0.0,Low
297.3,308.8,1499,44.2,134,11.5,66255.8,5922.8,0,5922.8,False,False,0,0,0.0,Low
304.0,313.0,1397,42.4,113,9.0,59232.8,4791.2,1,4791.2,True,False,0,0,0.0,Low
296.8,307.9,1409,44.3,145,11.099999999999966,62418.7,6423.5,2,6423.5,False,True,0,0,0.0,Low
301.0,309.7,1511,39.3,146,8.699999999999989,59382.3,5737.799999999999,2,5737.799999999999,False,True,0,0,0.0,Low
300.7,309.5,1479,43.6,240,8.800000000000011,64484.4,10464.0,1,10464.0,True,False,0,0,0.045,Low
298.8,308.8,1991,20.7,59,10.0,41213.7,1221.3,1,1221.3,True,False,0,0,0.0,Low
302.7,311.1,1297,60.7,125,8.400000000000034,78727.90000000001,7587.5,2,7587.5,False,True,1,1,0.72,High
301.9,311.0,1353,43.8,130,9.100000000000025,59261.4,5694.0,1,5694.0,True,False,0,0,0.005,Low
298.8,309.9,1525,39.7,77,11.099999999999966,60542.50000000001,3056.9,1,3056.9,True,False,0,0,0.0,Low
301.8,310.9,1521,39.3,197,9.099999999999966,59775.3,7742.099999999999,1,7742.099999999999,True,False,0,0,0.01,Low
303.1,311.3,1494,42.7,221,8.199999999999989,63793.8,9436.7,0,9436.7,False,False,0,0,0.045,Low
298.4,308.0,1540,37.8,7,9.600000000000025,58211.99999999999,264.6,1,264.6,True,False,0,0,0.0,Low
297.6,308.5,1848,23.7,37,10.899999999999975,43797.6,876.9,2,876.9,False,True,0,0,0.0,Low
297.1,308.5,1483,46.9,203,11.399999999999975,69552.7,9520.7,1,9520.7,True,False,0,0,0.015,Low
299.9,309.5,1372,56.2,133,9.600000000000025,77106.40000000001,7474.6,2,7474.6,False,True,0,0,0.0,Low
301.9,310.7,1480,47.1,68,8.800000000000011,69708.0,3202.8,1,3202.8,True,False,0,0,0.0,Low
298.0,307.6,1385,45.0,158,9.600000000000025,62325.0,7110.0,1,7110.0,True,False,0,0,0.0,Low
301.5,310.7,1618,35.5,218,9.199999999999989,57439.0,7739.0,1,7739.0,True,False,0,0,0.28,Low
300.2,311.6,1375,56.9,155,11.400000000000034,78237.5,8819.5,1,8819.5,True,False,0,0,0.01,Low
300.7,310.8,1452,47.9,77,10.100000000000025,69550.8,3688.3,2,3688.3,False,True,0,0,0.035,Low
299.2,310.8,1761,30.4,180,11.600000000000025,53534.4,5472.0,0,5472.0,False,False,0,0,0.0,Low
298.1,308.0,1626,36.5,83,9.899999999999975,59349.0,3029.5,1,3029.5,True,False,0,0,0.0,Low
303.7,312.9,1566,32.6,9,9.199999999999989,51051.600000000006,293.40000000000003,2,293.40000000000003,False,True,0,0,0.0,Low
297.7,309.0,1538,43.2,30,11.300000000000011,66441.6,1296.0,1,1296.0,True,False,0,0,0.0,Low
297.6,307.2,1486,40.6,42,9.599999999999966,60331.6,1705.2,1,1705.2,True,False,0,0,0.0,Low
302.3,311.1,1543,37.5,73,8.800000000000011,57862.5,2737.5,0,2737.5,False,False,0,0,0.0,Low
298.0,308.7,1462,48.2,204,10.699999999999989,70468.40000000001,9832.8,1,9832.8,True,False,0,0,0.0,Low
301.3,311.1,1581,30.9,31,9.800000000000011,48852.9,957.9,2,957.9,False,True,0,0,0.005,Low
298.8,309.6,1613,27.7,143,10.800000000000011,44680.1,3961.1,1,3961.1,True,False,0,0,0.0,Low
298.0,307.3,1424,46.5,185,9.300000000000011,66216.0,8602.5,1,8602.5,True,False,0,0,0.01,Low
296.9,308.0,1641,33.3,67,11.100000000000025,54645.3,2231.1,2,2231.1,False,True,0,0,0.0,Low
299.8,310.5,1375,53.9,110,10.699999999999989,74112.5,5929.0,2,5929.0,False,True,0,0,0.0,Low
297.7,307.2,1372,52.8,33,9.5,72441.59999999999,1742.4,2,1742.4,False,True,0,0,0.0,Low
301.0,312.2,1602,35.9,67,11.199999999999989,57511.8,2405.3,1,2405.3,True,False,0,0,0.0,Low
297.4,308.5,1761,27.2,76,11.100000000000025,47899.2,2067.2,1,2067.2,True,False,0,0,0.0,Low
300.4,311.2,1705,28.7,20,10.800000000000011,48933.5,574.0,1,574.0,True,False,0,0,0.0,Low
300.8,312.1,1527,35.1,164,11.300000000000011,53597.7,5756.400000000001,0,5756.400000000001,False,False,0,0,0.0,Low
298.1,308.2,1521,39.3,151,10.099999999999966,59775.3,5934.299999999999,1,5934.299999999999,True,False,0,0,0.0,Low
300.7,310.5,1863,22.2,111,9.800000000000011,41358.6,2464.2,2,2464.2,False,True,0,0,0.0,Low
302.0,310.6,1535,38.6,34,8.600000000000023,59251.0,1312.4,2,1312.4,False,True,0,0,0.0,Low
297.0,308.4,1305,54.6,168,11.399999999999975,71253.0,9172.8,0,9172.8,False,False,0,0,0.02,Low
299.3,310.7,1440,45.5,146,11.399999999999975,65520.0,6643.0,2,6643.0,False,True,0,0,0.005,Low
300.3,310.5,1522,39.1,217,10.199999999999989,59510.2,8484.7,1,8484.7,True,False,0,0,0.165,Low
297.0,308.1,1455,43.5,122,11.100000000000025,63292.5,5307.0,1,5307.0,True,False,0,0,0.0,Low
300.1,311.3,1470,45.2,40,11.199999999999989,66444.0,1808.0,1,1808.0,True,False,0,0,0.09,Low
302.5,312.0,1495,38.8,186,9.5,58005.99999999999,7216.799999999999,1,7216.799999999999,True,False,0,0,0.0,Low
297.3,308.6,1446,50.1,144,11.300000000000011,72444.6,7214.400000000001,1,7214.400000000001,True,False,0,0,0.0,Low
300.0,311.5,1591,32.0,79,11.5,50912.0,2528.0,1,2528.0,True,False,0,0,0.0,Low
300.8,311.4,1732,26.9,45,10.599999999999966,46590.8,1210.5,2,1210.5,False,True,0,0,0.0,Low
300.6,312.0,1490,42.2,3,11.399999999999975,62878.00000000001,126.6,1,126.6,True,False,0,0,0.0,Low
297.8,309.7,1935,22.1,171,11.899999999999975,42763.5,3779.1,1,3779.1,True,False,0,0,0.0,Low
297.4,308.3,1632,33.5,39,10.900000000000034,54672.0,1306.5,1,1306.5,True,False,0,0,0.0,Low
297.8,307.8,1543,43.7,8,10.0,67429.1,349.6,2,349.6,False,True,0,0,0.0,Low
303.6,311.7,1546,38.5,64,8.099999999999966,59521.0,2464.0,1,2464.0,True,False,0,0,0.0,Low
299.3,310.5,1281,59.8,15,11.199999999999989,76603.8,897.0,1,897.0,True,False,0,0,0.01,Low
297.0,307.6,1680,35.8,20,10.600000000000025,60143.99999999999,716.0,1,716.0,True,False,0,0,0.0,Low
301.0,310.9,1740,28.9,129,9.899999999999975,50286.0,3728.1,1,3728.1,True,False,0,0,0.0,Low
299.0,308.3,1441,44.0,48,9.300000000000011,63404.0,2112.0,1,2112.0,True,False,0,0,0.0,Low
297.5,308.9,1596,30.7,5,11.399999999999975,48997.2,153.5,1,153.5,True,False,0,0,0.0,Low
300.5,311.4,1556,45.3,58,10.899999999999975,70486.79999999999,2627.4,1,2627.4,True,False,0,0,0.0,Low
300.8,310.5,1409,50.6,141,9.699999999999989,71295.40000000001,7134.6,2,7134.6,False,True,0,0,0.005,Low
301.8,310.7,1547,41.7,72,8.899999999999977,64509.9,3002.4,1,3002.4,True,False,0,0,0.0,Low
298.6,310.2,1328,50.5,12,11.599999999999966,67064.0,606.0,2,606.0,False,True,0,0,0.0,Low
297.5,308.5,1671,28.0,158,11.0,46788.0,4424.0,0,4424.0,False,False,0,0,0.0,Low
297.8,308.8,1621,36.1,68,11.0,58518.100000000006,2454.8,1,2454.8,True,False,0,0,0.0,Low
298.7,310.3,1451,40.0,86,11.600000000000025,58040.0,3440.0,1,3440.0,True,False,0,0,0.0,Low
297.5,308.1,1480,42.4,112,10.600000000000025,62752.0,4748.8,2,4748.8,False,True,0,0,0.0,Low
300.1,310.1,1501,39.3,195,10.0,58989.3,7663.499999999999,2,7663.499999999999,False,True,0,0,0.0,Low
298.5,309.4,1418,45.1,148,10.899999999999975,63951.8,6674.8,1,6674.8,True,False,0,0,0.0,Low
298.7,308.4,1507,45.7,192,9.699999999999989,68869.90000000001,8774.400000000001,2,8774.400000000001,False,True,0,0,0.0,Low
300.7,309.5,1352,44.0,126,8.800000000000011,59488.0,5544.0,2,5544.0,False,True,0,0,0.01,Low
298.6,309.6,1635,29.7,9,11.0,48559.5,267.3,2,267.3,False,True,0,0,0.0,Low
298.9,309.8,1396,49.0,13,10.900000000000034,68404.0,637.0,1,637.0,True,False,0,0,0.0,Low
299.2,308.4,1529,43.0,50,9.199999999999989,65747.0,2150.0,2,2150.0,False,True,0,0,0.0,Low
302.4,310.2,1578,31.2,139,7.800000000000011,49233.6,4336.8,1,4336.8,True,False,0,0,0.0,Low
300.9,309.7,1394,48.8,192,8.800000000000011,68027.2,9369.6,2,9369.6,False,True,0,0,0.01,Low
302.5,312.1,1534,38.6,3,9.600000000000025,59212.4,115.8,1,115.8,True,False,0,0,0.0,Low
297.4,308.4,1394,50.1,213,11.0,69839.40000000001,10671.3,1,10671.3,True,False,0,0,0.06,Low
297.9,308.0,1954,21.1,42,10.100000000000025,41229.4,886.2,1,886.2,True,False,0,0,0.0,Low
296.6,307.3,1474,40.0,158,10.699999999999989,58960.0,6320.0,1,6320.0,True,False,0,0,0.0,Low
303.5,312.8,1524,39.4,96,9.300000000000011,60045.6,3782.4,1,3782.4,True,False,0,0,0.015,Low
298.4,308.2,1478,43.5,206,9.800000000000011,64293.0,8961.0,0,8961.0,False,False,0,0,0.03,Low
302.1,310.1,1844,24.6,171,8.0,45362.4,4206.6,0,4206.6,False,False,0,0,0.015,Low
300.3,309.3,1345,53.5,192,9.0,71957.5,10272.0,1,10272.0,True,False,0,0,0.005,Low
303.6,312.5,1375,54.0,186,8.899999999999977,74250.0,10044.0,0,10044.0,False,False,0,0,0.02,Low
301.4,310.4,1610,38.6,16,9.0,62146.0,617.6,0,617.6,False,False,0,0,0.0,Low
299.0,310.1,1886,21.2,13,11.100000000000025,39983.2,275.6,1,275.6,True,False,0,0,0.005,Low
300.1,309.2,1687,27.7,95,9.099999999999966,46729.9,2631.5,2,2631.5,False,True,0,0,0.005,Low
301.6,310.6,1222,70.0,62,9.0,85540.0,4340.0,1,4340.0,True,False,0,0,0.355,Low
302.0,310.6,1325,55.3,192,8.600000000000023,73272.5,10617.6,1,10617.6,True,False,0,0,0.225,Low
298.8,310.3,1708,27.1,78,11.5,46286.8,2113.8,0,2113.8,False,False,0,0,0.0,Low
299.6,310.9,1716,28.5,117,11.299999999999956,48906.0,3334.5,1,3334.5,True,False,0,0,0.0,Low
303.5,311.7,1584,32.7,143,8.199999999999989,51796.8,4676.1,0,4676.1,False,False,0,0,0.0,Low
301.5,310.8,1785,25.5,120,9.300000000000011,45517.5,3060.0,1,3060.0,True,False,0,0,0.0,Low
303.3,311.3,1350,48.1,32,8.0,64935.0,1539.2,1,1539.2,True,False,1,1,0.96,Critical
296.9,307.8,1549,37.8,104,10.900000000000034,58552.2,3931.2,0,3931.2,False,False,0,0,0.0,Low
296.2,307.2,1633,31.1,0,11.0,50786.3,0.0,2,0.0,False,True,0,0,0.0,Low
298.2,308.4,1512,34.9,181,10.199999999999989,52768.8,6316.9,1,6316.9,True,False,0,0,0.005,Low
298.4,308.0,1416,38.2,198,9.600000000000025,54091.2,7563.6,2,7563.6,False,True,1,0,0.01,Low
301.0,311.0,1634,31.2,182,10.0,50980.8,5678.4,1,5678.4,True,False,0,0,0.0,Low
297.4,308.6,1461,40.1,126,11.200000000000044,58586.1,5052.6,0,5052.6,False,False,0,0,0.0,Low
297.4,308.5,1477,40.7,74,11.100000000000025,60113.9,3011.8,1,3011.8,True,False,0,0,0.0,Low
295.7,306.3,1347,50.4,46,10.600000000000025,67888.8,2318.4,2,2318.4,False,True,0,0,0.0,Low
303.8,312.9,1815,27.8,66,9.099999999999966,50457.0,1834.8,2,1834.8,False,True,0,0,0.0,Low
296.7,307.4,1535,34.6,114,10.699999999999989,53111.0,3944.4,1,3944.4,True,False,0,0,0.0,Low
304.3,313.4,1624,32.1,53,9.099999999999966,52130.4,1701.3000000000002,2,1701.3000000000002,False,True,0,0,0.0,Low
299.8,310.8,1553,32.2,161,11.0,50006.600000000006,5184.200000000001,1,5184.200000000001,True,False,0,0,0.0,Low
301.5,310.7,1942,20.5,155,9.199999999999989,39811.0,3177.5,1,3177.5,True,False,0,0,0.0,Low
302.1,311.2,1598,37.9,148,9.099999999999966,60564.2,5609.2,0,5609.2,False,False,0,0,0.0,Low
301.1,310.7,1367,43.4,111,9.599999999999966,59327.8,4817.4,2,4817.4,False,True,0,0,0.0,Low
298.9,308.8,1621,32.7,75,9.900000000000034,53006.7,2452.5,0,2452.5,False,False,0,0,0.0,Low
299.7,309.2,1456,40.6,182,9.5,59113.6,7389.2,0,7389.2,False,False,0,0,0.0,Low
298.2,307.8,1528,31.1,194,9.600000000000025,47520.8,6033.400000000001,1,6033.400000000001,True,False,0,0,0.01,Low
300.2,309.4,1558,38.3,51,9.199999999999989,59671.4,1953.3,1,1953.3,True,False,0,0,0.0,Low
299.0,310.2,1372,48.0,174,11.199999999999989,65856.0,8352.0,1,8352.0,True,False,0,0,0.005,Low
298.9,310.6,1387,52.7,2,11.700000000000044,73094.90000000001,105.4,1,105.4,True,False,0,0,0.0,Low
302.4,311.1,1443,51.8,178,8.700000000000045,74747.4,9220.4,2,9220.4,False,True,0,0,0.005,Low
299.8,309.2,1372,58.2,65,9.399999999999975,79850.40000000001,3783.0,2,3783.0,False,True,0,0,0.03,Low
298.9,309.6,1567,34.5,204,10.700000000000044,54061.5,7038.0,2,7038.0,False,True,0,0,0.015,Low
301.5,310.6,1453,44.0,208,9.100000000000025,63932.0,9152.0,1,9152.0,True,False,0,0,0.145,Low
304.2,313.5,1627,32.2,91,9.300000000000011,52389.4,2930.2000000000003,0,2930.2000000000003,False,False,0,0,0.0,Low
302.2,310.9,1415,48.4,185,8.699999999999989,68486.0,8954.0,0,8954.0,False,False,0,0,0.01,Low
298.7,310.2,1566,33.1,68,11.5,51834.600000000006,2250.8,1,2250.8,True,False,0,0,0.0,Low
301.8,309.6,1432,43.7,138,7.800000000000011,62578.4,6030.6,1,6030.6,True,False,0,0,0.0,Low
301.1,312.3,1852,25.9,131,11.199999999999989,47966.8,3392.9,2,3392.9,False,True,0,0,0.0,Low
299.0,310.0,1341,58.9,126,11.0,78984.9,7421.4,2,7421.4,False,True,0,0,0.0,Low
301.5,311.1,1458,41.4,123,9.600000000000025,60361.2,5092.2,1,5092.2,True,False,0,0,0.0,Low
301.3,310.9,1509,41.7,16,9.599999999999966,62925.3,667.2,1,667.2,True,False,0,0,0.0,Low
301.5,310.4,1425,54.4,7,8.899999999999977,77520.0,380.8,1,380.8,True,False,0,0,0.0,Low
297.5,308.7,1407,42.5,145,11.199999999999989,59797.5,6162.5,1,6162.5,True,False,0,0,0.0,Low
300.7,310.8,1619,34.9,57,10.100000000000025,56503.1,1989.3,1,1989.3,True,False,0,0,0.0,Low
299.3,309.3,1528,37.8,45,10.0,57758.4,1700.9999999999998,1,1700.9999999999998,True,False,0,0,0.0,Low
296.9,307.9,1547,32.6,79,11.0,50432.2,2575.4,0,2575.4,False,False,0,0,0.0,Low
302.6,311.9,1453,39.1,84,9.299999999999956,56812.3,3284.4,1,3284.4,True,False,0,0,0.0,Low
298.6,310.1,1721,27.2,5,11.5,46811.2,136.0,1,136.0,True,False,0,0,0.0,Low
302.5,310.3,1551,37.3,168,7.800000000000011,57852.3,6266.4,1,6266.4,True,False,0,0,0.0,Low
303.6,312.4,1480,50.7,2,8.799999999999955,75036.0,101.4,0,101.4,False,False,0,0,0.0,Low
301.6,311.0,1431,42.3,129,9.399999999999975,60531.3,5456.7,2,5456.7,False,True,0,0,0.0,Low
297.4,308.4,1441,46.8,116,11.0,67438.8,5428.799999999999,2,5428.799999999999,False,True,0,0,0.005,Low
296.7,307.4,1661,34.2,109,10.699999999999989,56806.2,3727.8,0,3727.8,False,False,0,0,0.005,Low
297.1,308.4,1654,31.4,171,11.299999999999956,51935.6,5369.4,0,5369.4,False,False,0,0,0.0,Low
304.2,313.6,1469,40.0,154,9.400000000000034,58760.0,6160.0,1,6160.0,True,False,0,0,0.0,Low
302.0,310.8,1615,29.0,235,8.800000000000011,46835.0,6815.0,1,6815.0,True,False,1,0,0.145,Low
297.6,308.7,1319,50.9,141,11.099999999999966,67137.09999999999,7176.9,1,7176.9,True,False,0,0,0.0,Low
302.4,311.9,1398,50.1,188,9.5,70039.8,9418.8,2,9418.8,False,True,0,0,0.005,Low
302.0,311.2,1558,39.1,179,9.199999999999989,60917.8,6998.900000000001,2,6998.900000000001,False,True,0,0,0.0,Low
300.0,309.0,1454,51.7,2,9.0,75171.8,103.4,1,103.4,True,False,0,0,0.005,Low
301.0,311.1,1420,47.4,167,10.100000000000025,67308.0,7915.8,2,7915.8,False,True,0,0,0.01,Low
304.1,313.3,1725,28.3,177,9.199999999999989,48817.5,5009.1,2,5009.1,False,True,0,0,0.005,Low
303.0,312.3,1533,38.5,134,9.300000000000011,59020.5,5159.0,1,5159.0,True,False,0,0,0.0,Low
302.0,311.1,1406,50.5,187,9.100000000000025,71003.0,9443.5,1,9443.5,True,False,0,0,0.015,Low
298.9,308.7,1729,26.6,73,9.800000000000011,45991.4,1941.8,1,1941.8,True,False,0,0,0.0,Low
300.7,309.5,2007,19.7,2,8.800000000000011,39537.9,39.4,0,39.4,False,False,0,0,0.0,Low
301.6,310.6,1506,43.4,222,9.0,65360.4,9634.8,1,9634.8,True,False,0,0,0.08,Low
302.6,312.0,1657,29.3,37,9.399999999999975,48550.1,1084.1,0,1084.1,False,False,0,0,0.0,Low
298.8,308.6,1511,36.1,157,9.800000000000011,54547.1,5667.7,1,5667.7,True,False,0,0,0.0,Low
300.2,309.7,1421,44.6,17,9.5,63376.6,758.2,1,758.2,True,False,0,0,0.0,Low
303.4,312.9,1389,54.1,109,9.5,75144.90000000001,5896.900000000001,1,5896.900000000001,True,False,0,0,0.005,Low
298.4,309.1,1417,40.6,121,10.700000000000044,57530.2,4912.6,1,4912.6,True,False,0,0,0.0,Low
301.0,310.1,1454,44.1,217,9.100000000000025,64121.4,9569.7,0,9569.7,False,False,0,0,0.13,Low
296.6,307.4,1504,45.8,58,10.799999999999956,68883.2,2656.4,1,2656.4,True,False,0,0,0.0,Low
301.4,310.5,1380,48.4,131,9.100000000000025,66792.0,6340.4,1,6340.4,True,False,0,0,0.0,Low
296.0,306.7,1917,21.0,127,10.699999999999989,40257.0,2667.0,1,2667.0,True,False,0,0,0.0,Low
300.4,311.3,1495,51.2,175,10.900000000000034,76544.0,8960.0,1,8960.0,True,False,0,0,0.005,Low
297.3,308.3,1301,39.6,5,11.0,51519.6,198.0,2,198.0,False,True,0,0,0.01,Low
297.9,307.6,1609,30.3,64,9.700000000000044,48752.7,1939.2,2,1939.2,False,True,0,0,0.0,Low
297.4,308.3,1550,47.8,18,10.900000000000034,74090.0,860.4,2,860.4,False,True,0,0,0.0,Low
299.1,308.6,1555,36.6,104,9.5,56913.0,3806.4,1,3806.4,True,False,0,0,0.0,Low
298.0,308.6,1430,57.0,43,10.600000000000025,81510.0,2451.0,1,2451.0,True,False,0,0,0.0,Low
301.7,310.5,1724,33.0,171,8.800000000000011,56892.0,5643.0,2,5643.0,False,True,0,0,0.0,Low
303.3,311.4,1511,43.4,65,8.099999999999966,65577.4,2821.0,1,2821.0,True,False,0,0,0.005,Low
303.5,311.6,1465,48.7,60,8.100000000000023,71345.5,2922.0,1,2922.0,True,False,0,0,0.005,Low
298.8,309.6,1692,31.9,167,10.800000000000011,53974.8,5327.3,2,5327.3,False,True,0,0,0.0,Low
301.6,310.6,1418,43.9,129,9.0,62250.2,5663.099999999999,1,5663.099999999999,True,False,0,0,0.0,Low
298.8,310.0,1484,44.9,80,11.199999999999989,66631.59999999999,3592.0,2,3592.0,False,True,0,0,0.0,Low
297.8,309.3,2015,20.1,161,11.5,40501.5,3236.1000000000004,1,3236.1000000000004,True,False,0,0,0.0,Low
301.4,311.1,1800,26.0,135,9.700000000000044,46800.0,3510.0,1,3510.0,True,False,0,0,0.0,Low
298.8,308.6,1631,32.4,38,9.800000000000011,52844.4,1231.2,1,1231.2,True,False,0,0,0.0,Low
300.3,309.6,1435,45.4,181,9.300000000000011,65149.0,8217.4,1,8217.4,True,False,0,0,0.0,Low
303.5,311.7,1620,31.0,141,8.199999999999989,50220.0,4371.0,1,4371.0,True,False,0,0,0.0,Low
298.8,309.7,1453,47.7,101,10.899999999999975,69308.1,4817.700000000001,2,4817.700000000001,False,True,0,0,0.0,Low
301.7,309.8,1284,68.2,111,8.100000000000023,87568.8,7570.200000000001,2,7570.200000000001,False,True,1,1,0.83,High
302.4,310.4,1463,42.2,139,8.0,61738.600000000006,5865.8,2,5865.8,False,True,0,0,0.0,Low
298.5,309.5,1547,33.1,68,11.0,51205.7,2250.8,1,2250.8,True,False,0,0,0.0,Low
297.3,308.4,1513,40.5,25,11.099999999999966,61276.5,1012.5,1,1012.5,True,False,0,0,0.0,Low
300.2,309.5,1642,28.8,92,9.300000000000011,47289.6,2649.6,2,2649.6,False,True,0,0,0.01,Low
301.3,311.0,1418,41.9,208,9.699999999999989,59414.2,8715.199999999999,1,8715.199999999999,True,False,0,0,0.075,Low
300.2,311.4,1331,49.8,143,11.199999999999989,66283.8,7121.4,1,7121.4,True,False,0,0,0.0,Low
296.2,307.0,2119,18.3,159,10.800000000000011,38777.7,2909.7000000000003,2,2909.7000000000003,False,True,0,0,0.005,Low
302.4,311.5,1505,37.9,79,9.100000000000025,57039.5,2994.1,1,2994.1,True,False,0,0,0.0,Low
297.8,309.7,1547,37.3,25,11.899999999999975,57703.1,932.5,1,932.5,True,False,0,0,0.0,Low
298.2,308.3,1639,33.3,191,10.100000000000025,54578.7,6360.299999999999,2,6360.299999999999,False,True,0,0,0.0,Low
303.8,313.2,1381,52.4,140,9.399999999999975,72364.4,7336.0,0,7336.0,False,False,0,0,0.0,Low
304.1,313.2,1586,34.6,139,9.099999999999966,54875.600000000006,4809.400000000001,0,4809.400000000001,False,False,0,0,0.0,Low
302.5,311.0,1563,35.6,190,8.5,55642.8,6764.0,2,6764.0,False,True,0,0,0.005,Low
303.4,311.8,1341,47.0,210,8.400000000000034,63027.0,9870.0,2,9870.0,False,True,1,1,0.62,Medium
297.7,308.2,1489,43.0,151,10.5,64027.0,6493.0,0,6493.0,False,False,0,0,0.0,Low
299.7,309.2,1412,45.4,147,9.5,64104.8,6673.8,1,6673.8,True,False,0,0,0.0,Low
299.8,309.7,1457,51.9,89,9.899999999999975,75618.3,4619.099999999999,1,4619.099999999999,True,False,0,0,0.0,Low
298.9,308.7,1504,41.8,165,9.800000000000011,62867.2,6896.999999999999,1,6896.999999999999,True,False,0,0,0.0,Low
300.7,310.6,1616,29.6,47,9.900000000000034,47833.600000000006,1391.2,1,1391.2,True,False,0,0,0.0,Low
299.3,309.1,1388,45.5,123,9.800000000000011,63154.0,5596.5,1,5596.5,True,False,0,0,0.0,Low
301.3,310.7,1761,24.3,174,9.399999999999975,42792.3,4228.2,1,4228.2,True,False,0,0,0.01,Low
296.9,307.7,2008,17.5,3,10.800000000000011,35140.0,52.5,2,52.5,False,True,0,0,0.0,Low
300.1,309.2,1441,42.9,148,9.099999999999966,61818.9,6349.2,1,6349.2,True,False,0,0,0.0,Low
301.3,310.6,1440,53.8,90,9.300000000000011,77472.0,4842.0,1,4842.0,True,False,0,0,0.0,Low
302.0,310.6,1392,50.0,84,8.600000000000023,69600.0,4200.0,1,4200.0,True,False,0,0,0.005,Low
298.5,309.0,1531,30.8,212,10.5,47154.8,6529.6,0,6529.6,False,False,0,0,0.15,Low
297.5,308.8,1530,37.8,157,11.300000000000011,57833.99999999999,5934.599999999999,1,5934.599999999999,True,False,0,0,0.0,Low
297.3,308.7,1569,33.9,93,11.399999999999975,53189.1,3152.7,0,3152.7,False,False,0,0,0.0,Low
297.5,309.5,1553,42.4,60,12.0,65847.2,2544.0,2,2544.0,False,True,0,0,0.0,Low
299.1,308.8,1413,42.1,86,9.699999999999989,59487.3,3620.6,1,3620.6,True,False,0,0,0.0,Low
302.1,310.1,1543,35.8,164,8.0,55239.4,5871.2,1,5871.2,True,False,0,0,0.0,Low
301.0,310.9,1296,54.9,69,9.899999999999975,71150.4,3788.1,1,3788.1,True,False,0,0,0.03,Low
302.0,310.9,1352,55.5,59,8.899999999999977,75036.0,3274.5,2,3274.5,False,True,0,0,0.045,Low
298.3,308.4,1486,44.2,196,10.099999999999966,65681.2,8663.2,2,8663.2,False,True,0,0,0.0,Low
298.2,308.2,1469,43.0,88,10.0,63167.0,3784.0,1,3784.0,True,False,0,0,0.01,Low
300.4,311.8,1405,47.9,58,11.400000000000034,67299.5,2778.2,1,2778.2,True,False,0,0,0.0,Low
303.8,312.7,1488,41.3,175,8.899999999999977,61454.4,7227.499999999999,2,7227.499999999999,False,True,0,0,0.0,Low
298.2,307.5,1470,51.3,180,9.300000000000011,75411.0,9234.0,1,9234.0,True,False,0,0,0.0,Low
304.3,313.5,1802,25.4,170,9.199999999999989,45770.8,4318.0,1,4318.0,True,False,0,0,0.005,Low
300.6,310.4,1556,37.7,122,9.799999999999956,58661.2,4599.400000000001,1,4599.400000000001,True,False,0,0,0.0,Low
296.9,307.5,1332,51.1,121,10.600000000000025,68065.2,6183.1,2,6183.1,False,True,0,0,0.0,Low
300.5,311.4,1400,45.1,29,10.899999999999975,63140.0,1307.9,1,1307.9,True,False,0,0,0.0,Low
298.8,308.9,1461,47.9,206,10.099999999999966,69981.9,9867.4,1,9867.4,True,False,0,0,0.005,Low
298.8,309.7,1499,40.3,154,10.899999999999975,60409.7,6206.2,2,6206.2,False,True,0,0,0.0,Low
299.3,308.5,1304,60.6,8,9.199999999999989,79022.40000000001,484.8,2,484.8,False,True,0,0,0.0,Low
297.9,307.3,1663,28.7,7,9.400000000000034,47728.1,200.9,0,200.9,False,False,0,0,0.015,Low
300.8,311.3,1498,40.2,73,10.5,60219.600000000006,2934.6000000000004,1,2934.6000000000004,True,False,0,0,0.0,Low
298.1,307.9,1446,42.8,121,9.799999999999956,61888.8,5178.799999999999,2,5178.799999999999,False,True,0,0,0.02,Low
302.4,311.9,1422,46.4,194,9.5,65980.8,9001.6,2,9001.6,False,True,0,0,0.0,Low
297.9,309.0,1970,21.6,37,11.100000000000025,42552.0,799.2,2,799.2,False,True,0,0,0.0,Low
